Mapa,Algoritmo,Iteracion,Turnos_Despeje,Evacuados,Fallecidos,Tasa_Supervivencia
mapa1.txt,BFS,1,47,135,0,100.00
mapa1.txt,BFS,2,51,135,0,100.00
mapa1.txt,BFS,3,50,135,0,100.00
mapa1.txt,BFS,4,51,135,0,100.00
mapa1.txt,BFS,5,51,135,0,100.00
mapa1.txt,BFS,6,49,135,0,100.00
mapa1.txt,BFS,7,51,135,0,100.00
mapa1.txt,BFS,8,49,135,0,100.00
mapa1.txt,BFS,9,50,135,0,100.00
mapa1.txt,BFS,10,50,135,0,100.00
mapa1.txt,BFS,11,49,135,0,100.00
mapa1.txt,BFS,12,50,135,0,100.00
mapa1.txt,BFS,13,49,135,0,100.00
mapa1.txt,BFS,14,48,135,0,100.00
mapa1.txt,BFS,15,51,135,0,100.00
mapa1.txt,BFS,16,49,135,0,100.00
mapa1.txt,BFS,17,47,135,0,100.00
mapa1.txt,BFS,18,50,135,0,100.00
mapa1.txt,BFS,19,50,135,0,100.00
mapa1.txt,BFS,20,50,135,0,100.00
mapa1.txt,BFS,21,50,135,0,100.00
mapa1.txt,BFS,22,50,135,0,100.00
mapa1.txt,BFS,23,49,135,0,100.00
mapa1.txt,BFS,24,51,135,0,100.00
mapa1.txt,BFS,25,48,135,0,100.00
mapa1.txt,BFS,26,49,135,0,100.00
mapa1.txt,BFS,27,51,135,0,100.00
mapa1.txt,BFS,28,51,135,0,100.00
mapa1.txt,BFS,29,50,135,0,100.00
mapa1.txt,BFS,30,49,135,0,100.00
mapa1.txt,BFS,31,48,135,0,100.00
mapa1.txt,BFS,32,50,135,0,100.00
mapa1.txt,BFS,33,50,135,0,100.00
mapa1.txt,BFS,34,47,135,0,100.00
mapa1.txt,BFS,35,49,135,0,100.00
mapa1.txt,BFS,36,50,135,0,100.00
mapa1.txt,BFS,37,49,135,0,100.00
mapa1.txt,BFS,38,51,135,0,100.00
mapa1.txt,BFS,39,51,135,0,100.00
mapa1.txt,BFS,40,51,135,0,100.00
mapa1.txt,BFS,41,49,135,0,100.00
mapa1.txt,BFS,42,51,135,0,100.00
mapa1.txt,BFS,43,51,135,0,100.00
mapa1.txt,BFS,44,46,135,0,100.00
mapa1.txt,BFS,45,50,135,0,100.00
mapa1.txt,BFS,46,48,135,0,100.00
mapa1.txt,BFS,47,50,135,0,100.00
mapa1.txt,BFS,48,51,135,0,100.00
mapa1.txt,BFS,49,51,135,0,100.00
mapa1.txt,BFS,50,49,135,0,100.00
mapa1.txt,BFS,51,51,135,0,100.00
mapa1.txt,BFS,52,50,135,0,100.00
mapa1.txt,BFS,53,51,135,0,100.00
mapa1.txt,BFS,54,49,135,0,100.00
mapa1.txt,BFS,55,50,135,0,100.00
mapa1.txt,BFS,56,49,135,0,100.00
mapa1.txt,BFS,57,50,135,0,100.00
mapa1.txt,BFS,58,50,135,0,100.00
mapa1.txt,BFS,59,48,135,0,100.00
mapa1.txt,BFS,60,51,135,0,100.00
mapa1.txt,BFS,61,48,135,0,100.00
mapa1.txt,BFS,62,48,135,0,100.00
mapa1.txt,BFS,63,49,135,0,100.00
mapa1.txt,BFS,64,50,135,0,100.00
mapa1.txt,BFS,65,49,135,0,100.00
mapa1.txt,BFS,66,51,135,0,100.00
mapa1.txt,BFS,67,48,135,0,100.00
mapa1.txt,BFS,68,50,135,0,100.00
mapa1.txt,BFS,69,49,135,0,100.00
mapa1.txt,BFS,70,49,135,0,100.00
mapa1.txt,BFS,71,51,135,0,100.00
mapa1.txt,BFS,72,50,135,0,100.00
mapa1.txt,BFS,73,51,135,0,100.00
mapa1.txt,BFS,74,51,135,0,100.00
mapa1.txt,BFS,75,49,135,0,100.00
mapa1.txt,BFS,76,49,135,0,100.00
mapa1.txt,BFS,77,51,135,0,100.00
mapa1.txt,BFS,78,48,135,0,100.00
mapa1.txt,BFS,79,50,135,0,100.00
mapa1.txt,BFS,80,48,135,0,100.00
mapa1.txt,BFS,81,48,135,0,100.00
mapa1.txt,BFS,82,49,135,0,100.00
mapa1.txt,BFS,83,49,135,0,100.00
mapa1.txt,BFS,84,48,135,0,100.00
mapa1.txt,BFS,85,50,135,0,100.00
mapa1.txt,BFS,86,50,135,0,100.00
mapa1.txt,BFS,87,47,135,0,100.00
mapa1.txt,BFS,88,51,135,0,100.00
mapa1.txt,BFS,89,50,135,0,100.00
mapa1.txt,BFS,90,51,135,0,100.00
mapa1.txt,BFS,91,49,135,0,100.00
mapa1.txt,BFS,92,51,135,0,100.00
mapa1.txt,BFS,93,51,135,0,100.00
mapa1.txt,BFS,94,48,135,0,100.00
mapa1.txt,BFS,95,50,135,0,100.00
mapa1.txt,BFS,96,51,135,0,100.00
mapa1.txt,BFS,97,50,135,0,100.00
mapa1.txt,BFS,98,50,135,0,100.00
mapa1.txt,BFS,99,48,135,0,100.00
mapa1.txt,BFS,100,50,135,0,100.00
mapa1.txt,BFS,101,47,135,0,100.00
mapa1.txt,BFS,102,49,135,0,100.00
mapa1.txt,BFS,103,50,135,0,100.00
mapa1.txt,BFS,104,50,135,0,100.00
mapa1.txt,BFS,105,50,135,0,100.00
mapa1.txt,BFS,106,49,135,0,100.00
mapa1.txt,BFS,107,51,135,0,100.00
mapa1.txt,BFS,108,49,135,0,100.00
mapa1.txt,BFS,109,51,135,0,100.00
mapa1.txt,BFS,110,49,135,0,100.00
mapa1.txt,BFS,111,48,135,0,100.00
mapa1.txt,BFS,112,50,135,0,100.00
mapa1.txt,BFS,113,49,135,0,100.00
mapa1.txt,BFS,114,49,135,0,100.00
mapa1.txt,BFS,115,49,135,0,100.00
mapa1.txt,BFS,116,51,135,0,100.00
mapa1.txt,BFS,117,49,135,0,100.00
mapa1.txt,BFS,118,50,135,0,100.00
mapa1.txt,BFS,119,49,135,0,100.00
mapa1.txt,BFS,120,51,135,0,100.00
mapa1.txt,BFS,121,50,135,0,100.00
mapa1.txt,BFS,122,47,135,0,100.00
mapa1.txt,BFS,123,51,135,0,100.00
mapa1.txt,BFS,124,48,135,0,100.00
mapa1.txt,BFS,125,49,135,0,100.00
mapa1.txt,BFS,126,49,135,0,100.00
mapa1.txt,BFS,127,49,135,0,100.00
mapa1.txt,BFS,128,48,135,0,100.00
mapa1.txt,BFS,129,51,135,0,100.00
mapa1.txt,BFS,130,49,135,0,100.00
mapa1.txt,BFS,131,50,135,0,100.00
mapa1.txt,BFS,132,51,135,0,100.00
mapa1.txt,BFS,133,49,135,0,100.00
mapa1.txt,BFS,134,49,135,0,100.00
mapa1.txt,BFS,135,50,135,0,100.00
mapa1.txt,BFS,136,50,135,0,100.00
mapa1.txt,BFS,137,50,135,0,100.00
mapa1.txt,BFS,138,47,135,0,100.00
mapa1.txt,BFS,139,49,135,0,100.00
mapa1.txt,BFS,140,46,135,0,100.00
mapa1.txt,BFS,141,49,135,0,100.00
mapa1.txt,BFS,142,49,135,0,100.00
mapa1.txt,BFS,143,48,135,0,100.00
mapa1.txt,BFS,144,51,135,0,100.00
mapa1.txt,BFS,145,49,135,0,100.00
mapa1.txt,BFS,146,50,135,0,100.00
mapa1.txt,BFS,147,50,135,0,100.00
mapa1.txt,BFS,148,49,135,0,100.00
mapa1.txt,BFS,149,51,135,0,100.00
mapa1.txt,BFS,150,49,135,0,100.00
mapa1.txt,BFS,151,49,135,0,100.00
mapa1.txt,BFS,152,49,135,0,100.00
mapa1.txt,BFS,153,51,135,0,100.00
mapa1.txt,BFS,154,50,135,0,100.00
mapa1.txt,BFS,155,47,135,0,100.00
mapa1.txt,BFS,156,49,135,0,100.00
mapa1.txt,BFS,157,51,135,0,100.00
mapa1.txt,BFS,158,46,135,0,100.00
mapa1.txt,BFS,159,49,135,0,100.00
mapa1.txt,BFS,160,51,135,0,100.00
mapa1.txt,Dijkstra,1,53,127,8,94.07
mapa1.txt,Dijkstra,2,55,131,4,97.04
mapa1.txt,Dijkstra,3,55,125,10,92.59
mapa1.txt,Dijkstra,4,59,128,7,94.81
mapa1.txt,Dijkstra,5,56,124,11,91.85
mapa1.txt,Dijkstra,6,53,125,10,92.59
mapa1.txt,Dijkstra,7,57,124,11,91.85
mapa1.txt,Dijkstra,8,51,129,6,95.56
mapa1.txt,Dijkstra,9,57,123,12,91.11
mapa1.txt,Dijkstra,10,51,119,16,88.15
mapa1.txt,Dijkstra,11,55,126,9,93.33
mapa1.txt,Dijkstra,12,55,130,5,96.30
mapa1.txt,Dijkstra,13,57,122,13,90.37
mapa1.txt,Dijkstra,14,55,131,4,97.04
mapa1.txt,Dijkstra,15,54,125,10,92.59
mapa1.txt,Dijkstra,16,53,125,10,92.59
mapa1.txt,Dijkstra,17,52,126,9,93.33
mapa1.txt,Dijkstra,18,53,126,9,93.33
mapa1.txt,Dijkstra,19,55,127,8,94.07
mapa1.txt,Dijkstra,20,57,124,11,91.85
mapa1.txt,Dijkstra,21,53,124,11,91.85
mapa1.txt,Dijkstra,22,53,124,11,91.85
mapa1.txt,Dijkstra,23,52,127,8,94.07
mapa1.txt,Dijkstra,24,55,124,11,91.85
mapa1.txt,Dijkstra,25,53,128,7,94.81
mapa1.txt,Dijkstra,26,55,125,10,92.59
mapa1.txt,Dijkstra,27,57,127,8,94.07
mapa1.txt,Dijkstra,28,53,125,10,92.59
mapa1.txt,Dijkstra,29,53,124,11,91.85
mapa1.txt,Dijkstra,30,55,124,11,91.85
mapa1.txt,Dijkstra,31,53,125,10,92.59
mapa1.txt,Dijkstra,32,53,126,9,93.33
mapa1.txt,Dijkstra,33,55,127,8,94.07
mapa1.txt,Dijkstra,34,55,128,7,94.81
mapa1.txt,Dijkstra,35,55,126,9,93.33
mapa1.txt,Dijkstra,36,55,124,11,91.85
mapa1.txt,Dijkstra,37,59,129,6,95.56
mapa1.txt,Dijkstra,38,54,129,6,95.56
mapa1.txt,Dijkstra,39,53,122,13,90.37
mapa1.txt,Dijkstra,40,53,125,10,92.59
mapa1.txt,Dijkstra,41,55,127,8,94.07
mapa1.txt,Dijkstra,42,51,127,8,94.07
mapa1.txt,Dijkstra,43,51,127,8,94.07
mapa1.txt,Dijkstra,44,55,123,12,91.11
mapa1.txt,Dijkstra,45,55,129,6,95.56
mapa1.txt,Dijkstra,46,55,124,11,91.85
mapa1.txt,Dijkstra,47,57,123,12,91.11
mapa1.txt,Dijkstra,48,51,123,12,91.11
mapa1.txt,Dijkstra,49,55,127,8,94.07
mapa1.txt,Dijkstra,50,54,120,15,88.89
mapa1.txt,Dijkstra,51,57,127,8,94.07
mapa1.txt,Dijkstra,52,55,125,10,92.59
mapa1.txt,Dijkstra,53,55,125,10,92.59
mapa1.txt,Dijkstra,54,55,123,12,91.11
mapa1.txt,Dijkstra,55,55,123,12,91.11
mapa1.txt,Dijkstra,56,55,118,17,87.41
mapa1.txt,Dijkstra,57,51,126,9,93.33
mapa1.txt,Dijkstra,58,55,123,12,91.11
mapa1.txt,Dijkstra,59,57,124,11,91.85
mapa1.txt,Dijkstra,60,55,123,12,91.11
mapa1.txt,Dijkstra,61,51,124,11,91.85
mapa1.txt,Dijkstra,62,55,126,9,93.33
mapa1.txt,Dijkstra,63,51,127,8,94.07
mapa1.txt,Dijkstra,64,59,124,11,91.85
mapa1.txt,Dijkstra,65,53,126,9,93.33
mapa1.txt,Dijkstra,66,55,126,9,93.33
mapa1.txt,Dijkstra,67,55,123,12,91.11
mapa1.txt,Dijkstra,68,57,131,4,97.04
mapa1.txt,Dijkstra,69,55,126,9,93.33
mapa1.txt,Dijkstra,70,52,124,11,91.85
mapa1.txt,Dijkstra,71,53,127,8,94.07
mapa1.txt,Dijkstra,72,55,130,5,96.30
mapa1.txt,Dijkstra,73,53,119,16,88.15
mapa1.txt,Dijkstra,74,52,124,11,91.85
mapa1.txt,Dijkstra,75,55,126,9,93.33
mapa1.txt,Dijkstra,76,52,114,21,84.44
mapa1.txt,Dijkstra,77,57,124,11,91.85
mapa1.txt,Dijkstra,78,53,116,19,85.93
mapa1.txt,Dijkstra,79,55,126,9,93.33
mapa1.txt,Dijkstra,80,54,127,8,94.07
mapa1.txt,Dijkstra,81,59,128,7,94.81
mapa1.txt,Dijkstra,82,56,125,10,92.59
mapa1.txt,Dijkstra,83,52,120,15,88.89
mapa1.txt,Dijkstra,84,57,124,11,91.85
mapa1.txt,Dijkstra,85,55,127,8,94.07
mapa1.txt,Dijkstra,86,57,125,10,92.59
mapa1.txt,Dijkstra,87,53,128,7,94.81
mapa1.txt,Dijkstra,88,55,129,6,95.56
mapa1.txt,Dijkstra,89,57,125,10,92.59
mapa1.txt,Dijkstra,90,54,127,8,94.07
mapa1.txt,Dijkstra,91,59,126,9,93.33
mapa1.txt,Dijkstra,92,59,123,12,91.11
mapa1.txt,Dijkstra,93,57,117,18,86.67
mapa1.txt,Dijkstra,94,54,125,10,92.59
mapa1.txt,Dijkstra,95,55,126,9,93.33
mapa1.txt,Dijkstra,96,55,129,6,95.56
mapa1.txt,Dijkstra,97,59,127,8,94.07
mapa1.txt,Dijkstra,98,57,124,11,91.85
mapa1.txt,Dijkstra,99,53,124,11,91.85
mapa1.txt,Dijkstra,100,55,121,14,89.63
mapa1.txt,Dijkstra,101,57,130,5,96.30
mapa1.txt,Dijkstra,102,53,125,10,92.59
mapa1.txt,Dijkstra,103,53,125,10,92.59
mapa1.txt,Dijkstra,104,53,128,7,94.81
mapa1.txt,Dijkstra,105,55,126,9,93.33
mapa1.txt,Dijkstra,106,55,127,8,94.07
mapa1.txt,Dijkstra,107,53,127,8,94.07
mapa1.txt,Dijkstra,108,55,124,11,91.85
mapa1.txt,Dijkstra,109,53,124,11,91.85
mapa1.txt,Dijkstra,110,59,132,3,97.78
mapa1.txt,Dijkstra,111,57,127,8,94.07
mapa1.txt,Dijkstra,112,53,127,8,94.07
mapa1.txt,Dijkstra,113,55,125,10,92.59
mapa1.txt,Dijkstra,114,55,129,6,95.56
mapa1.txt,Dijkstra,115,52,128,7,94.81
mapa1.txt,Dijkstra,116,52,127,8,94.07
mapa1.txt,Dijkstra,117,55,123,12,91.11
mapa1.txt,Dijkstra,118,51,125,10,92.59
mapa1.txt,Dijkstra,119,53,116,19,85.93
mapa1.txt,Dijkstra,120,55,124,11,91.85
mapa1.txt,Dijkstra,121,57,123,12,91.11
mapa1.txt,Dijkstra,122,54,123,12,91.11
mapa1.txt,Dijkstra,123,55,124,11,91.85
mapa1.txt,Dijkstra,124,53,127,8,94.07
mapa1.txt,Dijkstra,125,53,121,14,89.63
mapa1.txt,Dijkstra,126,55,124,11,91.85
mapa1.txt,Dijkstra,127,57,125,10,92.59
mapa1.txt,Dijkstra,128,55,121,14,89.63
mapa1.txt,Dijkstra,129,53,124,11,91.85
mapa1.txt,Dijkstra,130,57,128,7,94.81
mapa1.txt,Dijkstra,131,57,120,15,88.89
mapa1.txt,Dijkstra,132,53,127,8,94.07
mapa1.txt,Dijkstra,133,53,124,11,91.85
mapa1.txt,Dijkstra,134,53,125,10,92.59
mapa1.txt,Dijkstra,135,55,130,5,96.30
mapa1.txt,Dijkstra,136,55,130,5,96.30
mapa1.txt,Dijkstra,137,54,130,5,96.30
mapa1.txt,Dijkstra,138,56,126,9,93.33
mapa1.txt,Dijkstra,139,51,130,5,96.30
mapa1.txt,Dijkstra,140,54,124,11,91.85
mapa1.txt,Dijkstra,141,55,129,6,95.56
mapa1.txt,Dijkstra,142,55,126,9,93.33
mapa1.txt,Dijkstra,143,55,127,8,94.07
mapa1.txt,Dijkstra,144,55,127,8,94.07
mapa1.txt,Dijkstra,145,57,128,7,94.81
mapa1.txt,Dijkstra,146,57,127,8,94.07
mapa1.txt,Dijkstra,147,55,127,8,94.07
mapa1.txt,Dijkstra,148,55,126,9,93.33
mapa1.txt,Dijkstra,149,53,125,10,92.59
mapa1.txt,Dijkstra,150,55,124,11,91.85
mapa1.txt,Dijkstra,151,54,125,10,92.59
mapa1.txt,Dijkstra,152,51,130,5,96.30
mapa1.txt,Dijkstra,153,53,126,9,93.33
mapa1.txt,Dijkstra,154,55,125,10,92.59
mapa1.txt,Dijkstra,155,56,125,10,92.59
mapa1.txt,Dijkstra,156,53,124,11,91.85
mapa1.txt,Dijkstra,157,56,123,12,91.11
mapa1.txt,Dijkstra,158,57,127,8,94.07
mapa1.txt,Dijkstra,159,55,127,8,94.07
mapa1.txt,Dijkstra,160,51,123,12,91.11
mapa1.txt,A*,1,50,127,8,94.07
mapa1.txt,A*,2,53,125,10,92.59
mapa1.txt,A*,3,49,124,11,91.85
mapa1.txt,A*,4,53,122,13,90.37
mapa1.txt,A*,5,51,131,4,97.04
mapa1.txt,A*,6,55,127,8,94.07
mapa1.txt,A*,7,50,131,4,97.04
mapa1.txt,A*,8,52,125,10,92.59
mapa1.txt,A*,9,50,122,13,90.37
mapa1.txt,A*,10,55,127,8,94.07
mapa1.txt,A*,11,49,122,13,90.37
mapa1.txt,A*,12,53,129,6,95.56
mapa1.txt,A*,13,51,130,5,96.30
mapa1.txt,A*,14,49,127,8,94.07
mapa1.txt,A*,15,49,126,9,93.33
mapa1.txt,A*,16,53,128,7,94.81
mapa1.txt,A*,17,54,127,8,94.07
mapa1.txt,A*,18,53,124,11,91.85
mapa1.txt,A*,19,53,128,7,94.81
mapa1.txt,A*,20,51,128,7,94.81
mapa1.txt,A*,21,53,125,10,92.59
mapa1.txt,A*,22,53,127,8,94.07
mapa1.txt,A*,23,49,126,9,93.33
mapa1.txt,A*,24,51,126,9,93.33
mapa1.txt,A*,25,53,127,8,94.07
mapa1.txt,A*,26,48,119,16,88.15
mapa1.txt,A*,27,50,124,11,91.85
mapa1.txt,A*,28,52,128,7,94.81
mapa1.txt,A*,29,51,126,9,93.33
mapa1.txt,A*,30,52,131,4,97.04
mapa1.txt,A*,31,51,125,10,92.59
mapa1.txt,A*,32,53,122,13,90.37
mapa1.txt,A*,33,49,129,6,95.56
mapa1.txt,A*,34,53,127,8,94.07
mapa1.txt,A*,35,48,128,7,94.81
mapa1.txt,A*,36,51,130,5,96.30
mapa1.txt,A*,37,53,128,7,94.81
mapa1.txt,A*,38,51,125,10,92.59
mapa1.txt,A*,39,51,126,9,93.33
mapa1.txt,A*,40,51,128,7,94.81
mapa1.txt,A*,41,53,129,6,95.56
mapa1.txt,A*,42,52,128,7,94.81
mapa1.txt,A*,43,49,122,13,90.37
mapa1.txt,A*,44,49,125,10,92.59
mapa1.txt,A*,45,53,129,6,95.56
mapa1.txt,A*,46,52,129,6,95.56
mapa1.txt,A*,47,53,133,2,98.52
mapa1.txt,A*,48,51,131,4,97.04
mapa1.txt,A*,49,51,123,12,91.11
mapa1.txt,A*,50,53,125,10,92.59
mapa1.txt,A*,51,49,123,12,91.11
mapa1.txt,A*,52,50,125,10,92.59
mapa1.txt,A*,53,50,126,9,93.33
mapa1.txt,A*,54,50,129,6,95.56
mapa1.txt,A*,55,51,124,11,91.85
mapa1.txt,A*,56,50,126,9,93.33
mapa1.txt,A*,57,57,131,4,97.04
mapa1.txt,A*,58,53,128,7,94.81
mapa1.txt,A*,59,53,124,11,91.85
mapa1.txt,A*,60,49,126,9,93.33
mapa1.txt,A*,61,50,127,8,94.07
mapa1.txt,A*,62,51,122,13,90.37
mapa1.txt,A*,63,53,129,6,95.56
mapa1.txt,A*,64,52,123,12,91.11
mapa1.txt,A*,65,53,132,3,97.78
mapa1.txt,A*,66,50,130,5,96.30
mapa1.txt,A*,67,53,124,11,91.85
mapa1.txt,A*,68,50,128,7,94.81
mapa1.txt,A*,69,53,129,6,95.56
mapa1.txt,A*,70,51,126,9,93.33
mapa1.txt,A*,71,53,127,8,94.07
mapa1.txt,A*,72,52,128,7,94.81
mapa1.txt,A*,73,53,131,4,97.04
mapa1.txt,A*,74,53,128,7,94.81
mapa1.txt,A*,75,52,122,13,90.37
mapa1.txt,A*,76,50,125,10,92.59
mapa1.txt,A*,77,53,131,4,97.04
mapa1.txt,A*,78,47,125,10,92.59
mapa1.txt,A*,79,53,128,7,94.81
mapa1.txt,A*,80,53,126,9,93.33
mapa1.txt,A*,81,52,126,9,93.33
mapa1.txt,A*,82,53,126,9,93.33
mapa1.txt,A*,83,48,123,12,91.11
mapa1.txt,A*,84,52,129,6,95.56
mapa1.txt,A*,85,51,130,5,96.30
mapa1.txt,A*,86,51,126,9,93.33
mapa1.txt,A*,87,50,129,6,95.56
mapa1.txt,A*,88,51,126,9,93.33
mapa1.txt,A*,89,53,125,10,92.59
mapa1.txt,A*,90,50,124,11,91.85
mapa1.txt,A*,91,51,120,15,88.89
mapa1.txt,A*,92,53,130,5,96.30
mapa1.txt,A*,93,52,124,11,91.85
mapa1.txt,A*,94,55,129,6,95.56
mapa1.txt,A*,95,49,131,4,97.04
mapa1.txt,A*,96,51,127,8,94.07
mapa1.txt,A*,97,53,128,7,94.81
mapa1.txt,A*,98,49,125,10,92.59
mapa1.txt,A*,99,53,131,4,97.04
mapa1.txt,A*,100,48,125,10,92.59
mapa1.txt,A*,101,53,124,11,91.85
mapa1.txt,A*,102,51,125,10,92.59
mapa1.txt,A*,103,53,123,12,91.11
mapa1.txt,A*,104,51,127,8,94.07
mapa1.txt,A*,105,51,130,5,96.30
mapa1.txt,A*,106,55,130,5,96.30
mapa1.txt,A*,107,53,129,6,95.56
mapa1.txt,A*,108,52,122,13,90.37
mapa1.txt,A*,109,52,126,9,93.33
mapa1.txt,A*,110,53,123,12,91.11
mapa1.txt,A*,111,53,128,7,94.81
mapa1.txt,A*,112,54,127,8,94.07
mapa1.txt,A*,113,53,129,6,95.56
mapa1.txt,A*,114,52,129,6,95.56
mapa1.txt,A*,115,53,123,12,91.11
mapa1.txt,A*,116,49,129,6,95.56
mapa1.txt,A*,117,51,127,8,94.07
mapa1.txt,A*,118,49,130,5,96.30
mapa1.txt,A*,119,50,126,9,93.33
mapa1.txt,A*,120,53,122,13,90.37
mapa1.txt,A*,121,52,127,8,94.07
mapa1.txt,A*,122,50,130,5,96.30
mapa1.txt,A*,123,53,122,13,90.37
mapa1.txt,A*,124,53,128,7,94.81
mapa1.txt,A*,125,51,126,9,93.33
mapa1.txt,A*,126,51,125,10,92.59
mapa1.txt,A*,127,48,131,4,97.04
mapa1.txt,A*,128,53,126,9,93.33
mapa1.txt,A*,129,50,125,10,92.59
mapa1.txt,A*,130,51,129,6,95.56
mapa1.txt,A*,131,51,125,10,92.59
mapa1.txt,A*,132,53,126,9,93.33
mapa1.txt,A*,133,53,131,4,97.04
mapa1.txt,A*,134,51,124,11,91.85
mapa1.txt,A*,135,49,127,8,94.07
mapa1.txt,A*,136,51,130,5,96.30
mapa1.txt,A*,137,51,124,11,91.85
mapa1.txt,A*,138,53,132,3,97.78
mapa1.txt,A*,139,49,124,11,91.85
mapa1.txt,A*,140,51,127,8,94.07
mapa1.txt,A*,141,50,125,10,92.59
mapa1.txt,A*,142,52,128,7,94.81
mapa1.txt,A*,143,54,128,7,94.81
mapa1.txt,A*,144,49,128,7,94.81
mapa1.txt,A*,145,52,129,6,95.56
mapa1.txt,A*,146,51,125,10,92.59
mapa1.txt,A*,147,49,124,11,91.85
mapa1.txt,A*,148,49,130,5,96.30
mapa1.txt,A*,149,53,129,6,95.56
mapa1.txt,A*,150,55,129,6,95.56
mapa1.txt,A*,151,51,122,13,90.37
mapa1.txt,A*,152,50,122,13,90.37
mapa1.txt,A*,153,51,128,7,94.81
mapa1.txt,A*,154,51,125,10,92.59
mapa1.txt,A*,155,49,123,12,91.11
mapa1.txt,A*,156,52,133,2,98.52
mapa1.txt,A*,157,53,129,6,95.56
mapa1.txt,A*,158,51,128,7,94.81
mapa1.txt,A*,159,50,124,11,91.85
mapa1.txt,A*,160,52,127,8,94.07
mapa1.txt,Greedy,1,45,120,15,88.89
mapa1.txt,Greedy,2,45,116,19,85.93
mapa1.txt,Greedy,3,45,117,18,86.67
mapa1.txt,Greedy,4,47,117,18,86.67
mapa1.txt,Greedy,5,47,116,19,85.93
mapa1.txt,Greedy,6,47,116,19,85.93
mapa1.txt,Greedy,7,47,111,24,82.22
mapa1.txt,Greedy,8,47,118,17,87.41
mapa1.txt,Greedy,9,49,123,12,91.11
mapa1.txt,Greedy,10,49,123,12,91.11
mapa1.txt,Greedy,11,49,115,20,85.19
mapa1.txt,Greedy,12,47,112,23,82.96
mapa1.txt,Greedy,13,47,118,17,87.41
mapa1.txt,Greedy,14,47,113,22,83.70
mapa1.txt,Greedy,15,47,122,13,90.37
mapa1.txt,Greedy,16,45,116,19,85.93
mapa1.txt,Greedy,17,45,114,21,84.44
mapa1.txt,Greedy,18,49,120,15,88.89
mapa1.txt,Greedy,19,47,116,19,85.93
mapa1.txt,Greedy,20,47,119,16,88.15
mapa1.txt,Greedy,21,49,117,18,86.67
mapa1.txt,Greedy,22,47,112,23,82.96
mapa1.txt,Greedy,23,45,115,20,85.19
mapa1.txt,Greedy,24,47,120,15,88.89
mapa1.txt,Greedy,25,47,120,15,88.89
mapa1.txt,Greedy,26,45,117,18,86.67
mapa1.txt,Greedy,27,47,118,17,87.41
mapa1.txt,Greedy,28,45,117,18,86.67
mapa1.txt,Greedy,29,47,117,18,86.67
mapa1.txt,Greedy,30,49,118,17,87.41
mapa1.txt,Greedy,31,47,123,12,91.11
mapa1.txt,Greedy,32,49,116,19,85.93
mapa1.txt,Greedy,33,47,112,23,82.96
mapa1.txt,Greedy,34,49,117,18,86.67
mapa1.txt,Greedy,35,47,117,18,86.67
mapa1.txt,Greedy,36,49,117,18,86.67
mapa1.txt,Greedy,37,43,115,20,85.19
mapa1.txt,Greedy,38,47,120,15,88.89
mapa1.txt,Greedy,39,47,115,20,85.19
mapa1.txt,Greedy,40,47,125,10,92.59
mapa1.txt,Greedy,41,49,112,23,82.96
mapa1.txt,Greedy,42,47,118,17,87.41
mapa1.txt,Greedy,43,47,110,25,81.48
mapa1.txt,Greedy,44,47,118,17,87.41
mapa1.txt,Greedy,45,47,123,12,91.11
mapa1.txt,Greedy,46,49,118,17,87.41
mapa1.txt,Greedy,47,49,125,10,92.59
mapa1.txt,Greedy,48,47,114,21,84.44
mapa1.txt,Greedy,49,47,123,12,91.11
mapa1.txt,Greedy,50,47,114,21,84.44
mapa1.txt,Greedy,51,49,121,14,89.63
mapa1.txt,Greedy,52,45,118,17,87.41
mapa1.txt,Greedy,53,47,121,14,89.63
mapa1.txt,Greedy,54,49,113,22,83.70
mapa1.txt,Greedy,55,47,115,20,85.19
mapa1.txt,Greedy,56,47,119,16,88.15
mapa1.txt,Greedy,57,47,112,23,82.96
mapa1.txt,Greedy,58,47,119,16,88.15
mapa1.txt,Greedy,59,47,109,26,80.74
mapa1.txt,Greedy,60,49,123,12,91.11
mapa1.txt,Greedy,61,49,119,16,88.15
mapa1.txt,Greedy,62,45,119,16,88.15
mapa1.txt,Greedy,63,47,116,19,85.93
mapa1.txt,Greedy,64,47,122,13,90.37
mapa1.txt,Greedy,65,47,118,17,87.41
mapa1.txt,Greedy,66,49,121,14,89.63
mapa1.txt,Greedy,67,47,123,12,91.11
mapa1.txt,Greedy,68,47,120,15,88.89
mapa1.txt,Greedy,69,47,113,22,83.70
mapa1.txt,Greedy,70,49,129,6,95.56
mapa1.txt,Greedy,71,45,119,16,88.15
mapa1.txt,Greedy,72,47,118,17,87.41
mapa1.txt,Greedy,73,47,121,14,89.63
mapa1.txt,Greedy,74,47,121,14,89.63
mapa1.txt,Greedy,75,47,119,16,88.15
mapa1.txt,Greedy,76,49,113,22,83.70
mapa1.txt,Greedy,77,47,115,20,85.19
mapa1.txt,Greedy,78,47,116,19,85.93
mapa1.txt,Greedy,79,47,123,12,91.11
mapa1.txt,Greedy,80,49,112,23,82.96
mapa1.txt,Greedy,81,45,115,20,85.19
mapa1.txt,Greedy,82,47,115,20,85.19
mapa1.txt,Greedy,83,47,111,24,82.22
mapa1.txt,Greedy,84,47,111,24,82.22
mapa1.txt,Greedy,85,47,119,16,88.15
mapa1.txt,Greedy,86,47,112,23,82.96
mapa1.txt,Greedy,87,49,118,17,87.41
mapa1.txt,Greedy,88,47,113,22,83.70
mapa1.txt,Greedy,89,45,121,14,89.63
mapa1.txt,Greedy,90,45,116,19,85.93
mapa1.txt,Greedy,91,47,119,16,88.15
mapa1.txt,Greedy,92,47,113,22,83.70
mapa1.txt,Greedy,93,47,109,26,80.74
mapa1.txt,Greedy,94,47,121,14,89.63
mapa1.txt,Greedy,95,47,121,14,89.63
mapa1.txt,Greedy,96,47,113,22,83.70
mapa1.txt,Greedy,97,47,116,19,85.93
mapa1.txt,Greedy,98,47,120,15,88.89
mapa1.txt,Greedy,99,47,119,16,88.15
mapa1.txt,Greedy,100,47,116,19,85.93
mapa1.txt,Greedy,101,45,119,16,88.15
mapa1.txt,Greedy,102,47,117,18,86.67
mapa1.txt,Greedy,103,47,121,14,89.63
mapa1.txt,Greedy,104,45,125,10,92.59
mapa1.txt,Greedy,105,47,115,20,85.19
mapa1.txt,Greedy,106,47,116,19,85.93
mapa1.txt,Greedy,107,47,118,17,87.41
mapa1.txt,Greedy,108,45,113,22,83.70
mapa1.txt,Greedy,109,45,114,21,84.44
mapa1.txt,Greedy,110,47,120,15,88.89
mapa1.txt,Greedy,111,47,120,15,88.89
mapa1.txt,Greedy,112,47,121,14,89.63
mapa1.txt,Greedy,113,45,117,18,86.67
mapa1.txt,Greedy,114,47,115,20,85.19
mapa1.txt,Greedy,115,47,119,16,88.15
mapa1.txt,Greedy,116,49,115,20,85.19
mapa1.txt,Greedy,117,47,113,22,83.70
mapa1.txt,Greedy,118,45,120,15,88.89
mapa1.txt,Greedy,119,47,113,22,83.70
mapa1.txt,Greedy,120,49,114,21,84.44
mapa1.txt,Greedy,121,49,120,15,88.89
mapa1.txt,Greedy,122,47,119,16,88.15
mapa1.txt,Greedy,123,47,112,23,82.96
mapa1.txt,Greedy,124,47,113,22,83.70
mapa1.txt,Greedy,125,47,114,21,84.44
mapa1.txt,Greedy,126,45,120,15,88.89
mapa1.txt,Greedy,127,47,109,26,80.74
mapa1.txt,Greedy,128,47,108,27,80.00
mapa1.txt,Greedy,129,47,116,19,85.93
mapa1.txt,Greedy,130,47,114,21,84.44
mapa1.txt,Greedy,131,47,116,19,85.93
mapa1.txt,Greedy,132,47,115,20,85.19
mapa1.txt,Greedy,133,45,120,15,88.89
mapa1.txt,Greedy,134,47,121,14,89.63
mapa1.txt,Greedy,135,47,112,23,82.96
mapa1.txt,Greedy,136,49,118,17,87.41
mapa1.txt,Greedy,137,49,115,20,85.19
mapa1.txt,Greedy,138,45,122,13,90.37
mapa1.txt,Greedy,139,47,118,17,87.41
mapa1.txt,Greedy,140,47,120,15,88.89
mapa1.txt,Greedy,141,47,120,15,88.89
mapa1.txt,Greedy,142,47,114,21,84.44
mapa1.txt,Greedy,143,47,118,17,87.41
mapa1.txt,Greedy,144,45,123,12,91.11
mapa1.txt,Greedy,145,45,123,12,91.11
mapa1.txt,Greedy,146,47,113,22,83.70
mapa1.txt,Greedy,147,47,115,20,85.19
mapa1.txt,Greedy,148,47,117,18,86.67
mapa1.txt,Greedy,149,47,116,19,85.93
mapa1.txt,Greedy,150,47,113,22,83.70
mapa1.txt,Greedy,151,47,116,19,85.93
mapa1.txt,Greedy,152,47,116,19,85.93
mapa1.txt,Greedy,153,49,117,18,86.67
mapa1.txt,Greedy,154,45,117,18,86.67
mapa1.txt,Greedy,155,49,116,19,85.93
mapa1.txt,Greedy,156,47,116,19,85.93
mapa1.txt,Greedy,157,47,120,15,88.89
mapa1.txt,Greedy,158,45,120,15,88.89
mapa1.txt,Greedy,159,47,121,14,89.63
mapa1.txt,Greedy,160,47,120,15,88.89
mapa1.txt,Genetic,1,67,126,9,93.33
mapa1.txt,Genetic,2,66,121,14,89.63
mapa1.txt,Genetic,3,65,124,11,91.85
mapa1.txt,Genetic,4,64,125,10,92.59
mapa1.txt,Genetic,5,57,123,12,91.11
mapa1.txt,Genetic,6,62,123,12,91.11
mapa1.txt,Genetic,7,62,125,10,92.59
mapa1.txt,Genetic,8,60,129,6,95.56
mapa1.txt,Genetic,9,58,117,18,86.67
mapa1.txt,Genetic,10,62,118,17,87.41
mapa1.txt,Genetic,11,64,120,15,88.89
mapa1.txt,Genetic,12,63,124,11,91.85
mapa1.txt,Genetic,13,60,126,9,93.33
mapa1.txt,Genetic,14,57,125,10,92.59
mapa1.txt,Genetic,15,60,124,11,91.85
mapa1.txt,Genetic,16,58,125,10,92.59
mapa1.txt,Genetic,17,62,113,22,83.70
mapa1.txt,Genetic,18,61,132,3,97.78
mapa1.txt,Genetic,19,61,122,13,90.37
mapa1.txt,Genetic,20,65,124,11,91.85
mapa1.txt,Genetic,21,65,126,9,93.33
mapa1.txt,Genetic,22,64,123,12,91.11
mapa1.txt,Genetic,23,60,132,3,97.78
mapa1.txt,Genetic,24,58,124,11,91.85
mapa1.txt,Genetic,25,63,125,10,92.59
mapa1.txt,Genetic,26,65,130,5,96.30
mapa1.txt,Genetic,27,54,125,10,92.59
mapa1.txt,Genetic,28,68,125,10,92.59
mapa1.txt,Genetic,29,67,119,16,88.15
mapa1.txt,Genetic,30,63,128,7,94.81
mapa1.txt,Genetic,31,65,121,14,89.63
mapa1.txt,Genetic,32,64,128,7,94.81
mapa1.txt,Genetic,33,64,121,14,89.63
mapa1.txt,Genetic,34,68,125,10,92.59
mapa1.txt,Genetic,35,59,121,14,89.63
mapa1.txt,Genetic,36,63,121,14,89.63
mapa1.txt,Genetic,37,57,120,15,88.89
mapa1.txt,Genetic,38,59,126,9,93.33
mapa1.txt,Genetic,39,65,108,27,80.00
mapa1.txt,Genetic,40,61,130,5,96.30
mapa1.txt,Genetic,41,62,123,12,91.11
mapa1.txt,Genetic,42,67,122,13,90.37
mapa1.txt,Genetic,43,59,123,12,91.11
mapa1.txt,Genetic,44,60,119,16,88.15
mapa1.txt,Genetic,45,59,122,13,90.37
mapa1.txt,Genetic,46,62,123,12,91.11
mapa1.txt,Genetic,47,65,119,16,88.15
mapa1.txt,Genetic,48,66,124,11,91.85
mapa1.txt,Genetic,49,51,121,14,89.63
mapa1.txt,Genetic,50,63,129,6,95.56
mapa1.txt,Genetic,51,68,124,11,91.85
mapa1.txt,Genetic,52,58,124,11,91.85
mapa1.txt,Genetic,53,57,126,9,93.33
mapa1.txt,Genetic,54,61,133,2,98.52
mapa1.txt,Genetic,55,68,123,12,91.11
mapa1.txt,Genetic,56,66,124,11,91.85
mapa1.txt,Genetic,57,66,130,5,96.30
mapa1.txt,Genetic,58,60,127,8,94.07
mapa1.txt,Genetic,59,63,127,8,94.07
mapa1.txt,Genetic,60,58,124,11,91.85
mapa1.txt,Genetic,61,59,121,14,89.63
mapa1.txt,Genetic,62,64,121,14,89.63
mapa1.txt,Genetic,63,62,129,6,95.56
mapa1.txt,Genetic,64,61,127,8,94.07
mapa1.txt,Genetic,65,62,119,16,88.15
mapa1.txt,Genetic,66,63,120,15,88.89
mapa1.txt,Genetic,67,64,120,15,88.89
mapa1.txt,Genetic,68,66,128,7,94.81
mapa1.txt,Genetic,69,58,111,24,82.22
mapa1.txt,Genetic,70,59,120,15,88.89
mapa1.txt,Genetic,71,60,129,6,95.56
mapa1.txt,Genetic,72,64,117,18,86.67
mapa1.txt,Genetic,73,62,129,6,95.56
mapa1.txt,Genetic,74,62,126,9,93.33
mapa1.txt,Genetic,75,61,127,8,94.07
mapa1.txt,Genetic,76,63,114,21,84.44
mapa1.txt,Genetic,77,69,122,13,90.37
mapa1.txt,Genetic,78,58,126,9,93.33
mapa1.txt,Genetic,79,64,118,17,87.41
mapa1.txt,Genetic,80,63,129,6,95.56
mapa1.txt,Genetic,81,62,133,2,98.52
mapa1.txt,Genetic,82,63,127,8,94.07
mapa1.txt,Genetic,83,61,129,6,95.56
mapa1.txt,Genetic,84,63,119,16,88.15
mapa1.txt,Genetic,85,63,115,20,85.19
mapa1.txt,Genetic,86,62,125,10,92.59
mapa1.txt,Genetic,87,63,123,12,91.11
mapa1.txt,Genetic,88,65,120,15,88.89
mapa1.txt,Genetic,89,65,114,21,84.44
mapa1.txt,Genetic,90,59,127,8,94.07
mapa1.txt,Genetic,91,60,128,7,94.81
mapa1.txt,Genetic,92,64,128,7,94.81
mapa1.txt,Genetic,93,64,121,14,89.63
mapa1.txt,Genetic,94,64,126,9,93.33
mapa1.txt,Genetic,95,63,120,15,88.89
mapa1.txt,Genetic,96,63,119,16,88.15
mapa1.txt,Genetic,97,62,126,9,93.33
mapa1.txt,Genetic,98,63,124,11,91.85
mapa1.txt,Genetic,99,59,127,8,94.07
mapa1.txt,Genetic,100,62,127,8,94.07
mapa1.txt,Genetic,101,61,121,14,89.63
mapa1.txt,Genetic,102,66,125,10,92.59
mapa1.txt,Genetic,103,59,121,14,89.63
mapa1.txt,Genetic,104,57,130,5,96.30
mapa1.txt,Genetic,105,65,129,6,95.56
mapa1.txt,Genetic,106,65,126,9,93.33
mapa1.txt,Genetic,107,66,127,8,94.07
mapa1.txt,Genetic,108,57,131,4,97.04
mapa1.txt,Genetic,109,63,118,17,87.41
mapa1.txt,Genetic,110,64,117,18,86.67
mapa1.txt,Genetic,111,62,128,7,94.81
mapa1.txt,Genetic,112,61,124,11,91.85
mapa1.txt,Genetic,113,66,126,9,93.33
mapa1.txt,Genetic,114,62,123,12,91.11
mapa1.txt,Genetic,115,59,129,6,95.56
mapa1.txt,Genetic,116,59,120,15,88.89
mapa1.txt,Genetic,117,61,114,21,84.44
mapa1.txt,Genetic,118,65,124,11,91.85
mapa1.txt,Genetic,119,60,131,4,97.04
mapa1.txt,Genetic,120,64,121,14,89.63
mapa1.txt,Genetic,121,63,127,8,94.07
mapa1.txt,Genetic,122,62,121,14,89.63
mapa1.txt,Genetic,123,60,123,12,91.11
mapa1.txt,Genetic,124,59,120,15,88.89
mapa1.txt,Genetic,125,64,132,3,97.78
mapa1.txt,Genetic,126,61,121,14,89.63
mapa1.txt,Genetic,127,64,130,5,96.30
mapa1.txt,Genetic,128,64,122,13,90.37
mapa1.txt,Genetic,129,63,128,7,94.81
mapa1.txt,Genetic,130,61,125,10,92.59
mapa1.txt,Genetic,131,63,131,4,97.04
mapa1.txt,Genetic,132,62,130,5,96.30
mapa1.txt,Genetic,133,62,131,4,97.04
mapa1.txt,Genetic,134,62,121,14,89.63
mapa1.txt,Genetic,135,60,117,18,86.67
mapa1.txt,Genetic,136,63,120,15,88.89
mapa1.txt,Genetic,137,60,130,5,96.30
mapa1.txt,Genetic,138,67,128,7,94.81
mapa1.txt,Genetic,139,59,128,7,94.81
mapa1.txt,Genetic,140,62,129,6,95.56
mapa1.txt,Genetic,141,58,116,19,85.93
mapa1.txt,Genetic,142,64,119,16,88.15
mapa1.txt,Genetic,143,62,121,14,89.63
mapa1.txt,Genetic,144,62,119,16,88.15
mapa1.txt,Genetic,145,62,129,6,95.56
mapa1.txt,Genetic,146,62,115,20,85.19
mapa1.txt,Genetic,147,63,127,8,94.07
mapa1.txt,Genetic,148,61,122,13,90.37
mapa1.txt,Genetic,149,65,116,19,85.93
mapa1.txt,Genetic,150,63,120,15,88.89
mapa1.txt,Genetic,151,63,118,17,87.41
mapa1.txt,Genetic,152,63,125,10,92.59
mapa1.txt,Genetic,153,60,127,8,94.07
mapa1.txt,Genetic,154,63,127,8,94.07
mapa1.txt,Genetic,155,64,129,6,95.56
mapa1.txt,Genetic,156,64,123,12,91.11
mapa1.txt,Genetic,157,64,123,12,91.11
mapa1.txt,Genetic,158,62,121,14,89.63
mapa1.txt,Genetic,159,67,127,8,94.07
mapa1.txt,Genetic,160,56,122,13,90.37
mapa2.txt,BFS,1,49,171,21,89.06
mapa2.txt,BFS,2,49,174,18,90.62
mapa2.txt,BFS,3,49,171,21,89.06
mapa2.txt,BFS,4,49,176,16,91.67
mapa2.txt,BFS,5,49,168,24,87.50
mapa2.txt,BFS,6,49,171,21,89.06
mapa2.txt,BFS,7,49,167,25,86.98
mapa2.txt,BFS,8,49,169,23,88.02
mapa2.txt,BFS,9,49,168,24,87.50
mapa2.txt,BFS,10,49,163,29,84.90
mapa2.txt,BFS,11,49,174,18,90.62
mapa2.txt,BFS,12,49,175,17,91.15
mapa2.txt,BFS,13,49,172,20,89.58
mapa2.txt,BFS,14,49,172,20,89.58
mapa2.txt,BFS,15,49,168,24,87.50
mapa2.txt,BFS,16,49,172,20,89.58
mapa2.txt,BFS,17,49,174,18,90.62
mapa2.txt,BFS,18,49,173,19,90.10
mapa2.txt,BFS,19,49,169,23,88.02
mapa2.txt,BFS,20,49,173,19,90.10
mapa2.txt,BFS,21,49,170,22,88.54
mapa2.txt,BFS,22,49,177,15,92.19
mapa2.txt,BFS,23,49,166,26,86.46
mapa2.txt,BFS,24,49,170,22,88.54
mapa2.txt,BFS,25,49,166,26,86.46
mapa2.txt,BFS,26,49,180,12,93.75
mapa2.txt,BFS,27,49,173,19,90.10
mapa2.txt,BFS,28,49,167,25,86.98
mapa2.txt,BFS,29,49,170,22,88.54
mapa2.txt,BFS,30,49,173,19,90.10
mapa2.txt,BFS,31,49,168,24,87.50
mapa2.txt,BFS,32,49,170,22,88.54
mapa2.txt,BFS,33,49,172,20,89.58
mapa2.txt,BFS,34,49,178,14,92.71
mapa2.txt,BFS,35,49,172,20,89.58
mapa2.txt,BFS,36,49,162,30,84.38
mapa2.txt,BFS,37,43,179,13,93.23
mapa2.txt,BFS,38,49,172,20,89.58
mapa2.txt,BFS,39,49,172,20,89.58
mapa2.txt,BFS,40,49,168,24,87.50
mapa2.txt,BFS,41,49,172,20,89.58
mapa2.txt,BFS,42,49,174,18,90.62
mapa2.txt,BFS,43,49,166,26,86.46
mapa2.txt,BFS,44,49,176,16,91.67
mapa2.txt,BFS,45,49,167,25,86.98
mapa2.txt,BFS,46,49,174,18,90.62
mapa2.txt,BFS,47,49,165,27,85.94
mapa2.txt,BFS,48,49,173,19,90.10
mapa2.txt,BFS,49,49,175,17,91.15
mapa2.txt,BFS,50,49,172,20,89.58
mapa2.txt,BFS,51,49,174,18,90.62
mapa2.txt,BFS,52,49,177,15,92.19
mapa2.txt,BFS,53,49,176,16,91.67
mapa2.txt,BFS,54,49,172,20,89.58
mapa2.txt,BFS,55,49,178,14,92.71
mapa2.txt,BFS,56,49,171,21,89.06
mapa2.txt,BFS,57,49,173,19,90.10
mapa2.txt,BFS,58,49,164,28,85.42
mapa2.txt,BFS,59,49,172,20,89.58
mapa2.txt,BFS,60,49,171,21,89.06
mapa2.txt,BFS,61,49,167,25,86.98
mapa2.txt,BFS,62,49,177,15,92.19
mapa2.txt,BFS,63,49,173,19,90.10
mapa2.txt,BFS,64,49,169,23,88.02
mapa2.txt,BFS,65,49,165,27,85.94
mapa2.txt,BFS,66,49,175,17,91.15
mapa2.txt,BFS,67,49,165,27,85.94
mapa2.txt,BFS,68,49,174,18,90.62
mapa2.txt,BFS,69,49,169,23,88.02
mapa2.txt,BFS,70,49,175,17,91.15
mapa2.txt,BFS,71,49,171,21,89.06
mapa2.txt,BFS,72,49,172,20,89.58
mapa2.txt,BFS,73,49,167,25,86.98
mapa2.txt,BFS,74,49,166,26,86.46
mapa2.txt,BFS,75,49,178,14,92.71
mapa2.txt,BFS,76,49,178,14,92.71
mapa2.txt,BFS,77,49,178,14,92.71
mapa2.txt,BFS,78,49,165,27,85.94
mapa2.txt,BFS,79,49,178,14,92.71
mapa2.txt,BFS,80,49,179,13,93.23
mapa2.txt,BFS,81,49,176,16,91.67
mapa2.txt,BFS,82,49,171,21,89.06
mapa2.txt,BFS,83,49,166,26,86.46
mapa2.txt,BFS,84,49,178,14,92.71
mapa2.txt,BFS,85,49,173,19,90.10
mapa2.txt,BFS,86,49,168,24,87.50
mapa2.txt,BFS,87,49,169,23,88.02
mapa2.txt,BFS,88,49,176,16,91.67
mapa2.txt,BFS,89,49,177,15,92.19
mapa2.txt,BFS,90,49,181,11,94.27
mapa2.txt,BFS,91,49,172,20,89.58
mapa2.txt,BFS,92,49,180,12,93.75
mapa2.txt,BFS,93,49,175,17,91.15
mapa2.txt,BFS,94,49,168,24,87.50
mapa2.txt,BFS,95,49,175,17,91.15
mapa2.txt,BFS,96,49,168,24,87.50
mapa2.txt,BFS,97,49,165,27,85.94
mapa2.txt,BFS,98,49,171,21,89.06
mapa2.txt,BFS,99,49,172,20,89.58
mapa2.txt,BFS,100,49,172,20,89.58
mapa2.txt,BFS,101,49,179,13,93.23
mapa2.txt,BFS,102,49,175,17,91.15
mapa2.txt,BFS,103,49,164,28,85.42
mapa2.txt,BFS,104,49,172,20,89.58
mapa2.txt,BFS,105,49,177,15,92.19
mapa2.txt,BFS,106,49,170,22,88.54
mapa2.txt,BFS,107,49,174,18,90.62
mapa2.txt,BFS,108,49,174,18,90.62
mapa2.txt,BFS,109,49,170,22,88.54
mapa2.txt,BFS,110,49,162,30,84.38
mapa2.txt,BFS,111,49,175,17,91.15
mapa2.txt,BFS,112,49,167,25,86.98
mapa2.txt,BFS,113,49,173,19,90.10
mapa2.txt,BFS,114,49,174,18,90.62
mapa2.txt,BFS,115,49,171,21,89.06
mapa2.txt,BFS,116,49,181,11,94.27
mapa2.txt,BFS,117,49,164,28,85.42
mapa2.txt,BFS,118,49,175,17,91.15
mapa2.txt,BFS,119,49,178,14,92.71
mapa2.txt,BFS,120,49,167,25,86.98
mapa2.txt,BFS,121,49,175,17,91.15
mapa2.txt,BFS,122,49,174,18,90.62
mapa2.txt,BFS,123,49,176,16,91.67
mapa2.txt,BFS,124,49,168,24,87.50
mapa2.txt,BFS,125,49,175,17,91.15
mapa2.txt,BFS,126,49,170,22,88.54
mapa2.txt,BFS,127,49,172,20,89.58
mapa2.txt,BFS,128,49,171,21,89.06
mapa2.txt,BFS,129,49,178,14,92.71
mapa2.txt,BFS,130,49,178,14,92.71
mapa2.txt,BFS,131,49,172,20,89.58
mapa2.txt,BFS,132,49,173,19,90.10
mapa2.txt,BFS,133,49,171,21,89.06
mapa2.txt,BFS,134,49,170,22,88.54
mapa2.txt,BFS,135,49,170,22,88.54
mapa2.txt,BFS,136,49,170,22,88.54
mapa2.txt,BFS,137,49,166,26,86.46
mapa2.txt,BFS,138,49,170,22,88.54
mapa2.txt,BFS,139,49,175,17,91.15
mapa2.txt,BFS,140,49,176,16,91.67
mapa2.txt,BFS,141,49,170,22,88.54
mapa2.txt,BFS,142,49,169,23,88.02
mapa2.txt,BFS,143,49,176,16,91.67
mapa2.txt,BFS,144,49,169,23,88.02
mapa2.txt,BFS,145,49,171,21,89.06
mapa2.txt,BFS,146,49,178,14,92.71
mapa2.txt,BFS,147,49,172,20,89.58
mapa2.txt,BFS,148,49,169,23,88.02
mapa2.txt,BFS,149,49,169,23,88.02
mapa2.txt,BFS,150,49,173,19,90.10
mapa2.txt,BFS,151,49,171,21,89.06
mapa2.txt,BFS,152,49,177,15,92.19
mapa2.txt,BFS,153,49,182,10,94.79
mapa2.txt,BFS,154,49,174,18,90.62
mapa2.txt,BFS,155,49,164,28,85.42
mapa2.txt,BFS,156,49,171,21,89.06
mapa2.txt,BFS,157,49,177,15,92.19
mapa2.txt,BFS,158,49,167,25,86.98
mapa2.txt,BFS,159,49,174,18,90.62
mapa2.txt,BFS,160,49,174,18,90.62
mapa2.txt,Dijkstra,1,60,178,14,92.71
mapa2.txt,Dijkstra,2,63,173,19,90.10
mapa2.txt,Dijkstra,3,63,173,19,90.10
mapa2.txt,Dijkstra,4,60,178,14,92.71
mapa2.txt,Dijkstra,5,60,175,17,91.15
mapa2.txt,Dijkstra,6,60,175,17,91.15
mapa2.txt,Dijkstra,7,60,176,16,91.67
mapa2.txt,Dijkstra,8,60,170,22,88.54
mapa2.txt,Dijkstra,9,60,179,13,93.23
mapa2.txt,Dijkstra,10,54,181,11,94.27
mapa2.txt,Dijkstra,11,60,177,15,92.19
mapa2.txt,Dijkstra,12,60,176,16,91.67
mapa2.txt,Dijkstra,13,60,174,18,90.62
mapa2.txt,Dijkstra,14,60,174,18,90.62
mapa2.txt,Dijkstra,15,63,175,17,91.15
mapa2.txt,Dijkstra,16,60,175,17,91.15
mapa2.txt,Dijkstra,17,60,175,17,91.15
mapa2.txt,Dijkstra,18,60,178,14,92.71
mapa2.txt,Dijkstra,19,60,175,17,91.15
mapa2.txt,Dijkstra,20,60,176,16,91.67
mapa2.txt,Dijkstra,21,57,172,20,89.58
mapa2.txt,Dijkstra,22,60,174,18,90.62
mapa2.txt,Dijkstra,23,54,179,13,93.23
mapa2.txt,Dijkstra,24,56,181,11,94.27
mapa2.txt,Dijkstra,25,60,179,13,93.23
mapa2.txt,Dijkstra,26,60,181,11,94.27
mapa2.txt,Dijkstra,27,60,170,22,88.54
mapa2.txt,Dijkstra,28,60,174,18,90.62
mapa2.txt,Dijkstra,29,60,175,17,91.15
mapa2.txt,Dijkstra,30,60,181,11,94.27
mapa2.txt,Dijkstra,31,60,176,16,91.67
mapa2.txt,Dijkstra,32,60,180,12,93.75
mapa2.txt,Dijkstra,33,58,181,11,94.27
mapa2.txt,Dijkstra,34,60,181,11,94.27
mapa2.txt,Dijkstra,35,60,173,19,90.10
mapa2.txt,Dijkstra,36,60,179,13,93.23
mapa2.txt,Dijkstra,37,60,179,13,93.23
mapa2.txt,Dijkstra,38,60,179,13,93.23
mapa2.txt,Dijkstra,39,60,183,9,95.31
mapa2.txt,Dijkstra,40,60,177,15,92.19
mapa2.txt,Dijkstra,41,60,173,19,90.10
mapa2.txt,Dijkstra,42,60,177,15,92.19
mapa2.txt,Dijkstra,43,60,182,10,94.79
mapa2.txt,Dijkstra,44,60,175,17,91.15
mapa2.txt,Dijkstra,45,60,177,15,92.19
mapa2.txt,Dijkstra,46,63,174,18,90.62
mapa2.txt,Dijkstra,47,60,170,22,88.54
mapa2.txt,Dijkstra,48,63,170,22,88.54
mapa2.txt,Dijkstra,49,60,177,15,92.19
mapa2.txt,Dijkstra,50,60,172,20,89.58
mapa2.txt,Dijkstra,51,63,172,20,89.58
mapa2.txt,Dijkstra,52,60,180,12,93.75
mapa2.txt,Dijkstra,53,63,174,18,90.62
mapa2.txt,Dijkstra,54,60,180,12,93.75
mapa2.txt,Dijkstra,55,60,175,17,91.15
mapa2.txt,Dijkstra,56,54,180,12,93.75
mapa2.txt,Dijkstra,57,60,179,13,93.23
mapa2.txt,Dijkstra,58,60,177,15,92.19
mapa2.txt,Dijkstra,59,60,179,13,93.23
mapa2.txt,Dijkstra,60,60,175,17,91.15
mapa2.txt,Dijkstra,61,60,177,15,92.19
mapa2.txt,Dijkstra,62,60,173,19,90.10
mapa2.txt,Dijkstra,63,57,171,21,89.06
mapa2.txt,Dijkstra,64,60,180,12,93.75
mapa2.txt,Dijkstra,65,60,175,17,91.15
mapa2.txt,Dijkstra,66,60,175,17,91.15
mapa2.txt,Dijkstra,67,60,175,17,91.15
mapa2.txt,Dijkstra,68,60,171,21,89.06
mapa2.txt,Dijkstra,69,63,173,19,90.10
mapa2.txt,Dijkstra,70,60,171,21,89.06
mapa2.txt,Dijkstra,71,63,175,17,91.15
mapa2.txt,Dijkstra,72,60,181,11,94.27
mapa2.txt,Dijkstra,73,60,175,17,91.15
mapa2.txt,Dijkstra,74,63,173,19,90.10
mapa2.txt,Dijkstra,75,63,178,14,92.71
mapa2.txt,Dijkstra,76,60,170,22,88.54
mapa2.txt,Dijkstra,77,60,176,16,91.67
mapa2.txt,Dijkstra,78,63,177,15,92.19
mapa2.txt,Dijkstra,79,60,177,15,92.19
mapa2.txt,Dijkstra,80,60,174,18,90.62
mapa2.txt,Dijkstra,81,60,177,15,92.19
mapa2.txt,Dijkstra,82,60,179,13,93.23
mapa2.txt,Dijkstra,83,60,181,11,94.27
mapa2.txt,Dijkstra,84,60,177,15,92.19
mapa2.txt,Dijkstra,85,60,176,16,91.67
mapa2.txt,Dijkstra,86,60,174,18,90.62
mapa2.txt,Dijkstra,87,63,175,17,91.15
mapa2.txt,Dijkstra,88,60,170,22,88.54
mapa2.txt,Dijkstra,89,54,184,8,95.83
mapa2.txt,Dijkstra,90,60,176,16,91.67
mapa2.txt,Dijkstra,91,60,175,17,91.15
mapa2.txt,Dijkstra,92,63,176,16,91.67
mapa2.txt,Dijkstra,93,60,177,15,92.19
mapa2.txt,Dijkstra,94,60,180,12,93.75
mapa2.txt,Dijkstra,95,63,177,15,92.19
mapa2.txt,Dijkstra,96,63,175,17,91.15
mapa2.txt,Dijkstra,97,60,176,16,91.67
mapa2.txt,Dijkstra,98,60,174,18,90.62
mapa2.txt,Dijkstra,99,63,171,21,89.06
mapa2.txt,Dijkstra,100,60,179,13,93.23
mapa2.txt,Dijkstra,101,63,173,19,90.10
mapa2.txt,Dijkstra,102,63,177,15,92.19
mapa2.txt,Dijkstra,103,60,179,13,93.23
mapa2.txt,Dijkstra,104,60,166,26,86.46
mapa2.txt,Dijkstra,105,60,172,20,89.58
mapa2.txt,Dijkstra,106,60,179,13,93.23
mapa2.txt,Dijkstra,107,63,182,10,94.79
mapa2.txt,Dijkstra,108,60,176,16,91.67
mapa2.txt,Dijkstra,109,60,177,15,92.19
mapa2.txt,Dijkstra,110,60,181,11,94.27
mapa2.txt,Dijkstra,111,60,174,18,90.62
mapa2.txt,Dijkstra,112,60,177,15,92.19
mapa2.txt,Dijkstra,113,60,177,15,92.19
mapa2.txt,Dijkstra,114,57,175,17,91.15
mapa2.txt,Dijkstra,115,60,183,9,95.31
mapa2.txt,Dijkstra,116,60,169,23,88.02
mapa2.txt,Dijkstra,117,60,179,13,93.23
mapa2.txt,Dijkstra,118,60,181,11,94.27
mapa2.txt,Dijkstra,119,60,185,7,96.35
mapa2.txt,Dijkstra,120,56,179,13,93.23
mapa2.txt,Dijkstra,121,60,173,19,90.10
mapa2.txt,Dijkstra,122,60,175,17,91.15
mapa2.txt,Dijkstra,123,60,176,16,91.67
mapa2.txt,Dijkstra,124,55,182,10,94.79
mapa2.txt,Dijkstra,125,60,177,15,92.19
mapa2.txt,Dijkstra,126,60,178,14,92.71
mapa2.txt,Dijkstra,127,60,183,9,95.31
mapa2.txt,Dijkstra,128,60,180,12,93.75
mapa2.txt,Dijkstra,129,60,176,16,91.67
mapa2.txt,Dijkstra,130,60,176,16,91.67
mapa2.txt,Dijkstra,131,60,180,12,93.75
mapa2.txt,Dijkstra,132,60,171,21,89.06
mapa2.txt,Dijkstra,133,60,174,18,90.62
mapa2.txt,Dijkstra,134,60,170,22,88.54
mapa2.txt,Dijkstra,135,60,177,15,92.19
mapa2.txt,Dijkstra,136,60,180,12,93.75
mapa2.txt,Dijkstra,137,60,170,22,88.54
mapa2.txt,Dijkstra,138,60,175,17,91.15
mapa2.txt,Dijkstra,139,60,181,11,94.27
mapa2.txt,Dijkstra,140,60,179,13,93.23
mapa2.txt,Dijkstra,141,60,178,14,92.71
mapa2.txt,Dijkstra,142,60,180,12,93.75
mapa2.txt,Dijkstra,143,60,176,16,91.67
mapa2.txt,Dijkstra,144,60,171,21,89.06
mapa2.txt,Dijkstra,145,60,177,15,92.19
mapa2.txt,Dijkstra,146,60,175,17,91.15
mapa2.txt,Dijkstra,147,60,178,14,92.71
mapa2.txt,Dijkstra,148,60,181,11,94.27
mapa2.txt,Dijkstra,149,60,175,17,91.15
mapa2.txt,Dijkstra,150,60,180,12,93.75
mapa2.txt,Dijkstra,151,60,171,21,89.06
mapa2.txt,Dijkstra,152,63,173,19,90.10
mapa2.txt,Dijkstra,153,63,173,19,90.10
mapa2.txt,Dijkstra,154,60,171,21,89.06
mapa2.txt,Dijkstra,155,63,175,17,91.15
mapa2.txt,Dijkstra,156,60,175,17,91.15
mapa2.txt,Dijkstra,157,54,178,14,92.71
mapa2.txt,Dijkstra,158,60,176,16,91.67
mapa2.txt,Dijkstra,159,60,177,15,92.19
mapa2.txt,Dijkstra,160,63,175,17,91.15
mapa2.txt,A*,1,54,178,14,92.71
mapa2.txt,A*,2,60,186,6,96.88
mapa2.txt,A*,3,54,181,11,94.27
mapa2.txt,A*,4,51,179,13,93.23
mapa2.txt,A*,5,60,182,10,94.79
mapa2.txt,A*,6,60,181,11,94.27
mapa2.txt,A*,7,55,177,15,92.19
mapa2.txt,A*,8,60,181,11,94.27
mapa2.txt,A*,9,60,182,10,94.79
mapa2.txt,A*,10,60,183,9,95.31
mapa2.txt,A*,11,60,177,15,92.19
mapa2.txt,A*,12,60,181,11,94.27
mapa2.txt,A*,13,53,181,11,94.27
mapa2.txt,A*,14,60,184,8,95.83
mapa2.txt,A*,15,60,180,12,93.75
mapa2.txt,A*,16,60,178,14,92.71
mapa2.txt,A*,17,63,181,11,94.27
mapa2.txt,A*,18,51,186,6,96.88
mapa2.txt,A*,19,60,181,11,94.27
mapa2.txt,A*,20,60,183,9,95.31
mapa2.txt,A*,21,57,183,9,95.31
mapa2.txt,A*,22,53,186,6,96.88
mapa2.txt,A*,23,60,181,11,94.27
mapa2.txt,A*,24,60,177,15,92.19
mapa2.txt,A*,25,60,183,9,95.31
mapa2.txt,A*,26,60,173,19,90.10
mapa2.txt,A*,27,52,183,9,95.31
mapa2.txt,A*,28,60,181,11,94.27
mapa2.txt,A*,29,60,179,13,93.23
mapa2.txt,A*,30,60,181,11,94.27
mapa2.txt,A*,31,52,182,10,94.79
mapa2.txt,A*,32,60,177,15,92.19
mapa2.txt,A*,33,52,189,3,98.44
mapa2.txt,A*,34,60,185,7,96.35
mapa2.txt,A*,35,54,183,9,95.31
mapa2.txt,A*,36,60,183,9,95.31
mapa2.txt,A*,37,52,179,13,93.23
mapa2.txt,A*,38,60,182,10,94.79
mapa2.txt,A*,39,60,180,12,93.75
mapa2.txt,A*,40,60,182,10,94.79
mapa2.txt,A*,41,53,183,9,95.31
mapa2.txt,A*,42,60,181,11,94.27
mapa2.txt,A*,43,60,183,9,95.31
mapa2.txt,A*,44,60,183,9,95.31
mapa2.txt,A*,45,60,178,14,92.71
mapa2.txt,A*,46,60,175,17,91.15
mapa2.txt,A*,47,60,182,10,94.79
mapa2.txt,A*,48,60,185,7,96.35
mapa2.txt,A*,49,60,174,18,90.62
mapa2.txt,A*,50,60,187,5,97.40
mapa2.txt,A*,51,54,186,6,96.88
mapa2.txt,A*,52,60,185,7,96.35
mapa2.txt,A*,53,52,178,14,92.71
mapa2.txt,A*,54,54,180,12,93.75
mapa2.txt,A*,55,60,181,11,94.27
mapa2.txt,A*,56,60,183,9,95.31
mapa2.txt,A*,57,63,177,15,92.19
mapa2.txt,A*,58,54,184,8,95.83
mapa2.txt,A*,59,60,178,14,92.71
mapa2.txt,A*,60,60,183,9,95.31
mapa2.txt,A*,61,60,173,19,90.10
mapa2.txt,A*,62,63,178,14,92.71
mapa2.txt,A*,63,60,180,12,93.75
mapa2.txt,A*,64,60,174,18,90.62
mapa2.txt,A*,65,60,177,15,92.19
mapa2.txt,A*,66,51,183,9,95.31
mapa2.txt,A*,67,60,182,10,94.79
mapa2.txt,A*,68,60,182,10,94.79
mapa2.txt,A*,69,60,177,15,92.19
mapa2.txt,A*,70,52,187,5,97.40
mapa2.txt,A*,71,60,185,7,96.35
mapa2.txt,A*,72,57,176,16,91.67
mapa2.txt,A*,73,60,184,8,95.83
mapa2.txt,A*,74,60,180,12,93.75
mapa2.txt,A*,75,60,177,15,92.19
mapa2.txt,A*,76,60,183,9,95.31
mapa2.txt,A*,77,60,181,11,94.27
mapa2.txt,A*,78,53,184,8,95.83
mapa2.txt,A*,79,54,176,16,91.67
mapa2.txt,A*,80,60,181,11,94.27
mapa2.txt,A*,81,60,183,9,95.31
mapa2.txt,A*,82,60,175,17,91.15
mapa2.txt,A*,83,60,185,7,96.35
mapa2.txt,A*,84,60,178,14,92.71
mapa2.txt,A*,85,52,187,5,97.40
mapa2.txt,A*,86,54,185,7,96.35
mapa2.txt,A*,87,60,180,12,93.75
mapa2.txt,A*,88,54,178,14,92.71
mapa2.txt,A*,89,55,183,9,95.31
mapa2.txt,A*,90,60,184,8,95.83
mapa2.txt,A*,91,60,179,13,93.23
mapa2.txt,A*,92,60,184,8,95.83
mapa2.txt,A*,93,56,186,6,96.88
mapa2.txt,A*,94,60,186,6,96.88
mapa2.txt,A*,95,54,184,8,95.83
mapa2.txt,A*,96,60,181,11,94.27
mapa2.txt,A*,97,60,177,15,92.19
mapa2.txt,A*,98,50,183,9,95.31
mapa2.txt,A*,99,60,186,6,96.88
mapa2.txt,A*,100,60,181,11,94.27
mapa2.txt,A*,101,60,182,10,94.79
mapa2.txt,A*,102,54,187,5,97.40
mapa2.txt,A*,103,60,180,12,93.75
mapa2.txt,A*,104,60,183,9,95.31
mapa2.txt,A*,105,60,180,12,93.75
mapa2.txt,A*,106,60,180,12,93.75
mapa2.txt,A*,107,60,185,7,96.35
mapa2.txt,A*,108,60,183,9,95.31
mapa2.txt,A*,109,60,185,7,96.35
mapa2.txt,A*,110,60,184,8,95.83
mapa2.txt,A*,111,56,184,8,95.83
mapa2.txt,A*,112,52,186,6,96.88
mapa2.txt,A*,113,60,178,14,92.71
mapa2.txt,A*,114,60,182,10,94.79
mapa2.txt,A*,115,60,180,12,93.75
mapa2.txt,A*,116,60,174,18,90.62
mapa2.txt,A*,117,60,182,10,94.79
mapa2.txt,A*,118,60,182,10,94.79
mapa2.txt,A*,119,60,182,10,94.79
mapa2.txt,A*,120,54,184,8,95.83
mapa2.txt,A*,121,60,179,13,93.23
mapa2.txt,A*,122,60,185,7,96.35
mapa2.txt,A*,123,54,183,9,95.31
mapa2.txt,A*,124,56,178,14,92.71
mapa2.txt,A*,125,60,177,15,92.19
mapa2.txt,A*,126,60,180,12,93.75
mapa2.txt,A*,127,60,181,11,94.27
mapa2.txt,A*,128,60,185,7,96.35
mapa2.txt,A*,129,60,184,8,95.83
mapa2.txt,A*,130,57,181,11,94.27
mapa2.txt,A*,131,60,181,11,94.27
mapa2.txt,A*,132,54,180,12,93.75
mapa2.txt,A*,133,60,180,12,93.75
mapa2.txt,A*,134,60,177,15,92.19
mapa2.txt,A*,135,57,178,14,92.71
mapa2.txt,A*,136,60,178,14,92.71
mapa2.txt,A*,137,57,181,11,94.27
mapa2.txt,A*,138,55,182,10,94.79
mapa2.txt,A*,139,60,179,13,93.23
mapa2.txt,A*,140,54,182,10,94.79
mapa2.txt,A*,141,55,184,8,95.83
mapa2.txt,A*,142,51,181,11,94.27
mapa2.txt,A*,143,60,177,15,92.19
mapa2.txt,A*,144,60,186,6,96.88
mapa2.txt,A*,145,54,179,13,93.23
mapa2.txt,A*,146,60,181,11,94.27
mapa2.txt,A*,147,60,181,11,94.27
mapa2.txt,A*,148,60,183,9,95.31
mapa2.txt,A*,149,60,179,13,93.23
mapa2.txt,A*,150,53,186,6,96.88
mapa2.txt,A*,151,53,182,10,94.79
mapa2.txt,A*,152,54,188,4,97.92
mapa2.txt,A*,153,60,181,11,94.27
mapa2.txt,A*,154,60,181,11,94.27
mapa2.txt,A*,155,60,182,10,94.79
mapa2.txt,A*,156,54,180,12,93.75
mapa2.txt,A*,157,51,178,14,92.71
mapa2.txt,A*,158,56,186,6,96.88
mapa2.txt,A*,159,60,181,11,94.27
mapa2.txt,A*,160,52,181,11,94.27
mapa2.txt,Greedy,1,50,158,34,82.29
mapa2.txt,Greedy,2,50,156,36,81.25
mapa2.txt,Greedy,3,50,158,34,82.29
mapa2.txt,Greedy,4,48,166,26,86.46
mapa2.txt,Greedy,5,50,161,31,83.85
mapa2.txt,Greedy,6,50,172,20,89.58
mapa2.txt,Greedy,7,50,164,28,85.42
mapa2.txt,Greedy,8,48,173,19,90.10
mapa2.txt,Greedy,9,50,164,28,85.42
mapa2.txt,Greedy,10,50,166,26,86.46
mapa2.txt,Greedy,11,50,159,33,82.81
mapa2.txt,Greedy,12,50,170,22,88.54
mapa2.txt,Greedy,13,50,162,30,84.38
mapa2.txt,Greedy,14,50,164,28,85.42
mapa2.txt,Greedy,15,50,170,22,88.54
mapa2.txt,Greedy,16,50,168,24,87.50
mapa2.txt,Greedy,17,50,171,21,89.06
mapa2.txt,Greedy,18,50,164,28,85.42
mapa2.txt,Greedy,19,50,159,33,82.81
mapa2.txt,Greedy,20,50,152,40,79.17
mapa2.txt,Greedy,21,50,161,31,83.85
mapa2.txt,Greedy,22,50,159,33,82.81
mapa2.txt,Greedy,23,50,167,25,86.98
mapa2.txt,Greedy,24,50,163,29,84.90
mapa2.txt,Greedy,25,48,168,24,87.50
mapa2.txt,Greedy,26,50,166,26,86.46
mapa2.txt,Greedy,27,48,170,22,88.54
mapa2.txt,Greedy,28,50,171,21,89.06
mapa2.txt,Greedy,29,50,169,23,88.02
mapa2.txt,Greedy,30,50,157,35,81.77
mapa2.txt,Greedy,31,50,157,35,81.77
mapa2.txt,Greedy,32,50,157,35,81.77
mapa2.txt,Greedy,33,50,167,25,86.98
mapa2.txt,Greedy,34,50,163,29,84.90
mapa2.txt,Greedy,35,50,161,31,83.85
mapa2.txt,Greedy,36,50,165,27,85.94
mapa2.txt,Greedy,37,48,165,27,85.94
mapa2.txt,Greedy,38,50,168,24,87.50
mapa2.txt,Greedy,39,48,156,36,81.25
mapa2.txt,Greedy,40,50,158,34,82.29
mapa2.txt,Greedy,41,48,167,25,86.98
mapa2.txt,Greedy,42,50,158,34,82.29
mapa2.txt,Greedy,43,50,166,26,86.46
mapa2.txt,Greedy,44,50,169,23,88.02
mapa2.txt,Greedy,45,48,167,25,86.98
mapa2.txt,Greedy,46,50,171,21,89.06
mapa2.txt,Greedy,47,50,164,28,85.42
mapa2.txt,Greedy,48,50,170,22,88.54
mapa2.txt,Greedy,49,50,172,20,89.58
mapa2.txt,Greedy,50,50,156,36,81.25
mapa2.txt,Greedy,51,50,177,15,92.19
mapa2.txt,Greedy,52,48,159,33,82.81
mapa2.txt,Greedy,53,50,161,31,83.85
mapa2.txt,Greedy,54,50,166,26,86.46
mapa2.txt,Greedy,55,50,173,19,90.10
mapa2.txt,Greedy,56,50,164,28,85.42
mapa2.txt,Greedy,57,50,162,30,84.38
mapa2.txt,Greedy,58,50,155,37,80.73
mapa2.txt,Greedy,59,50,160,32,83.33
mapa2.txt,Greedy,60,50,169,23,88.02
mapa2.txt,Greedy,61,50,170,22,88.54
mapa2.txt,Greedy,62,50,168,24,87.50
mapa2.txt,Greedy,63,50,157,35,81.77
mapa2.txt,Greedy,64,50,163,29,84.90
mapa2.txt,Greedy,65,50,162,30,84.38
mapa2.txt,Greedy,66,50,172,20,89.58
mapa2.txt,Greedy,67,50,162,30,84.38
mapa2.txt,Greedy,68,50,164,28,85.42
mapa2.txt,Greedy,69,50,159,33,82.81
mapa2.txt,Greedy,70,50,159,33,82.81
mapa2.txt,Greedy,71,50,161,31,83.85
mapa2.txt,Greedy,72,50,168,24,87.50
mapa2.txt,Greedy,73,50,152,40,79.17
mapa2.txt,Greedy,74,50,175,17,91.15
mapa2.txt,Greedy,75,50,167,25,86.98
mapa2.txt,Greedy,76,50,170,22,88.54
mapa2.txt,Greedy,77,50,155,37,80.73
mapa2.txt,Greedy,78,50,154,38,80.21
mapa2.txt,Greedy,79,50,168,24,87.50
mapa2.txt,Greedy,80,50,163,29,84.90
mapa2.txt,Greedy,81,50,163,29,84.90
mapa2.txt,Greedy,82,50,173,19,90.10
mapa2.txt,Greedy,83,50,166,26,86.46
mapa2.txt,Greedy,84,50,162,30,84.38
mapa2.txt,Greedy,85,50,161,31,83.85
mapa2.txt,Greedy,86,50,157,35,81.77
mapa2.txt,Greedy,87,50,168,24,87.50
mapa2.txt,Greedy,88,50,160,32,83.33
mapa2.txt,Greedy,89,50,170,22,88.54
mapa2.txt,Greedy,90,50,169,23,88.02
mapa2.txt,Greedy,91,50,161,31,83.85
mapa2.txt,Greedy,92,50,163,29,84.90
mapa2.txt,Greedy,93,50,171,21,89.06
mapa2.txt,Greedy,94,50,167,25,86.98
mapa2.txt,Greedy,95,50,159,33,82.81
mapa2.txt,Greedy,96,50,166,26,86.46
mapa2.txt,Greedy,97,50,159,33,82.81
mapa2.txt,Greedy,98,48,158,34,82.29
mapa2.txt,Greedy,99,50,159,33,82.81
mapa2.txt,Greedy,100,50,164,28,85.42
mapa2.txt,Greedy,101,50,165,27,85.94
mapa2.txt,Greedy,102,50,170,22,88.54
mapa2.txt,Greedy,103,50,166,26,86.46
mapa2.txt,Greedy,104,50,163,29,84.90
mapa2.txt,Greedy,105,50,165,27,85.94
mapa2.txt,Greedy,106,50,169,23,88.02
mapa2.txt,Greedy,107,50,169,23,88.02
mapa2.txt,Greedy,108,50,170,22,88.54
mapa2.txt,Greedy,109,48,158,34,82.29
mapa2.txt,Greedy,110,50,170,22,88.54
mapa2.txt,Greedy,111,50,160,32,83.33
mapa2.txt,Greedy,112,50,159,33,82.81
mapa2.txt,Greedy,113,50,163,29,84.90
mapa2.txt,Greedy,114,50,167,25,86.98
mapa2.txt,Greedy,115,50,167,25,86.98
mapa2.txt,Greedy,116,50,161,31,83.85
mapa2.txt,Greedy,117,50,168,24,87.50
mapa2.txt,Greedy,118,50,169,23,88.02
mapa2.txt,Greedy,119,50,164,28,85.42
mapa2.txt,Greedy,120,50,156,36,81.25
mapa2.txt,Greedy,121,50,160,32,83.33
mapa2.txt,Greedy,122,50,162,30,84.38
mapa2.txt,Greedy,123,50,160,32,83.33
mapa2.txt,Greedy,124,50,167,25,86.98
mapa2.txt,Greedy,125,50,168,24,87.50
mapa2.txt,Greedy,126,50,159,33,82.81
mapa2.txt,Greedy,127,50,158,34,82.29
mapa2.txt,Greedy,128,50,163,29,84.90
mapa2.txt,Greedy,129,50,166,26,86.46
mapa2.txt,Greedy,130,50,159,33,82.81
mapa2.txt,Greedy,131,50,164,28,85.42
mapa2.txt,Greedy,132,50,161,31,83.85
mapa2.txt,Greedy,133,50,155,37,80.73
mapa2.txt,Greedy,134,50,160,32,83.33
mapa2.txt,Greedy,135,50,165,27,85.94
mapa2.txt,Greedy,136,50,165,27,85.94
mapa2.txt,Greedy,137,48,160,32,83.33
mapa2.txt,Greedy,138,50,175,17,91.15
mapa2.txt,Greedy,139,50,165,27,85.94
mapa2.txt,Greedy,140,50,168,24,87.50
mapa2.txt,Greedy,141,50,162,30,84.38
mapa2.txt,Greedy,142,50,165,27,85.94
mapa2.txt,Greedy,143,50,156,36,81.25
mapa2.txt,Greedy,144,50,165,27,85.94
mapa2.txt,Greedy,145,50,171,21,89.06
mapa2.txt,Greedy,146,50,167,25,86.98
mapa2.txt,Greedy,147,50,174,18,90.62
mapa2.txt,Greedy,148,50,158,34,82.29
mapa2.txt,Greedy,149,50,163,29,84.90
mapa2.txt,Greedy,150,50,166,26,86.46
mapa2.txt,Greedy,151,50,157,35,81.77
mapa2.txt,Greedy,152,50,164,28,85.42
mapa2.txt,Greedy,153,50,167,25,86.98
mapa2.txt,Greedy,154,50,165,27,85.94
mapa2.txt,Greedy,155,50,169,23,88.02
mapa2.txt,Greedy,156,50,163,29,84.90
mapa2.txt,Greedy,157,48,158,34,82.29
mapa2.txt,Greedy,158,50,159,33,82.81
mapa2.txt,Greedy,159,48,159,33,82.81
mapa2.txt,Greedy,160,50,165,27,85.94
mapa2.txt,Genetic,1,57,123,69,64.06
mapa2.txt,Genetic,2,59,136,56,70.83
mapa2.txt,Genetic,3,61,118,74,61.46
mapa2.txt,Genetic,4,62,152,40,79.17
mapa2.txt,Genetic,5,54,124,68,64.58
mapa2.txt,Genetic,6,61,138,54,71.88
mapa2.txt,Genetic,7,57,111,81,57.81
mapa2.txt,Genetic,8,61,106,86,55.21
mapa2.txt,Genetic,9,63,126,66,65.62
mapa2.txt,Genetic,10,58,116,76,60.42
mapa2.txt,Genetic,11,61,122,70,63.54
mapa2.txt,Genetic,12,56,116,76,60.42
mapa2.txt,Genetic,13,59,133,59,69.27
mapa2.txt,Genetic,14,58,137,55,71.35
mapa2.txt,Genetic,15,59,128,64,66.67
mapa2.txt,Genetic,16,54,141,51,73.44
mapa2.txt,Genetic,17,59,119,73,61.98
mapa2.txt,Genetic,18,60,132,60,68.75
mapa2.txt,Genetic,19,58,129,63,67.19
mapa2.txt,Genetic,20,62,134,58,69.79
mapa2.txt,Genetic,21,60,128,64,66.67
mapa2.txt,Genetic,22,57,128,64,66.67
mapa2.txt,Genetic,23,60,119,73,61.98
mapa2.txt,Genetic,24,56,138,54,71.88
mapa2.txt,Genetic,25,56,140,52,72.92
mapa2.txt,Genetic,26,59,138,54,71.88
mapa2.txt,Genetic,27,58,122,70,63.54
mapa2.txt,Genetic,28,61,122,70,63.54
mapa2.txt,Genetic,29,60,122,70,63.54
mapa2.txt,Genetic,30,54,133,59,69.27
mapa2.txt,Genetic,31,53,138,54,71.88
mapa2.txt,Genetic,32,60,113,79,58.85
mapa2.txt,Genetic,33,57,130,62,67.71
mapa2.txt,Genetic,34,61,128,64,66.67
mapa2.txt,Genetic,35,57,124,68,64.58
mapa2.txt,Genetic,36,59,125,67,65.10
mapa2.txt,Genetic,37,56,127,65,66.15
mapa2.txt,Genetic,38,63,119,73,61.98
mapa2.txt,Genetic,39,55,149,43,77.60
mapa2.txt,Genetic,40,53,133,59,69.27
mapa2.txt,Genetic,41,61,136,56,70.83
mapa2.txt,Genetic,42,59,128,64,66.67
mapa2.txt,Genetic,43,61,126,66,65.62
mapa2.txt,Genetic,44,58,128,64,66.67
mapa2.txt,Genetic,45,60,122,70,63.54
mapa2.txt,Genetic,46,59,122,70,63.54
mapa2.txt,Genetic,47,55,131,61,68.23
mapa2.txt,Genetic,48,58,119,73,61.98
mapa2.txt,Genetic,49,52,129,63,67.19
mapa2.txt,Genetic,50,56,130,62,67.71
mapa2.txt,Genetic,51,56,126,66,65.62
mapa2.txt,Genetic,52,54,120,72,62.50
mapa2.txt,Genetic,53,58,139,53,72.40
mapa2.txt,Genetic,54,57,146,46,76.04
mapa2.txt,Genetic,55,61,115,77,59.90
mapa2.txt,Genetic,56,58,127,65,66.15
mapa2.txt,Genetic,57,61,124,68,64.58
mapa2.txt,Genetic,58,57,131,61,68.23
mapa2.txt,Genetic,59,62,127,65,66.15
mapa2.txt,Genetic,60,55,116,76,60.42
mapa2.txt,Genetic,61,53,126,66,65.62
mapa2.txt,Genetic,62,57,118,74,61.46
mapa2.txt,Genetic,63,59,155,37,80.73
mapa2.txt,Genetic,64,59,131,61,68.23
mapa2.txt,Genetic,65,57,150,42,78.12
mapa2.txt,Genetic,66,55,130,62,67.71
mapa2.txt,Genetic,67,58,122,70,63.54
mapa2.txt,Genetic,68,63,116,76,60.42
mapa2.txt,Genetic,69,62,126,66,65.62
mapa2.txt,Genetic,70,59,135,57,70.31
mapa2.txt,Genetic,71,59,125,67,65.10
mapa2.txt,Genetic,72,60,130,62,67.71
mapa2.txt,Genetic,73,61,125,67,65.10
mapa2.txt,Genetic,74,58,130,62,67.71
mapa2.txt,Genetic,75,59,113,79,58.85
mapa2.txt,Genetic,76,61,127,65,66.15
mapa2.txt,Genetic,77,61,127,65,66.15
mapa2.txt,Genetic,78,58,114,78,59.38
mapa2.txt,Genetic,79,57,124,68,64.58
mapa2.txt,Genetic,80,61,118,74,61.46
mapa2.txt,Genetic,81,60,116,76,60.42
mapa2.txt,Genetic,82,61,137,55,71.35
mapa2.txt,Genetic,83,60,123,69,64.06
mapa2.txt,Genetic,84,55,130,62,67.71
mapa2.txt,Genetic,85,61,138,54,71.88
mapa2.txt,Genetic,86,62,112,80,58.33
mapa2.txt,Genetic,87,53,131,61,68.23
mapa2.txt,Genetic,88,59,133,59,69.27
mapa2.txt,Genetic,89,57,135,57,70.31
mapa2.txt,Genetic,90,57,131,61,68.23
mapa2.txt,Genetic,91,62,117,75,60.94
mapa2.txt,Genetic,92,63,125,67,65.10
mapa2.txt,Genetic,93,60,117,75,60.94
mapa2.txt,Genetic,94,58,135,57,70.31
mapa2.txt,Genetic,95,57,131,61,68.23
mapa2.txt,Genetic,96,55,133,59,69.27
mapa2.txt,Genetic,97,57,113,79,58.85
mapa2.txt,Genetic,98,56,113,79,58.85
mapa2.txt,Genetic,99,58,126,66,65.62
mapa2.txt,Genetic,100,61,116,76,60.42
mapa2.txt,Genetic,101,61,120,72,62.50
mapa2.txt,Genetic,102,57,130,62,67.71
mapa2.txt,Genetic,103,57,121,71,63.02
mapa2.txt,Genetic,104,52,124,68,64.58
mapa2.txt,Genetic,105,61,146,46,76.04
mapa2.txt,Genetic,106,63,121,71,63.02
mapa2.txt,Genetic,107,62,133,59,69.27
mapa2.txt,Genetic,108,61,129,63,67.19
mapa2.txt,Genetic,109,59,121,71,63.02
mapa2.txt,Genetic,110,56,137,55,71.35
mapa2.txt,Genetic,111,58,132,60,68.75
mapa2.txt,Genetic,112,63,120,72,62.50
mapa2.txt,Genetic,113,60,132,60,68.75
mapa2.txt,Genetic,114,60,129,63,67.19
mapa2.txt,Genetic,115,57,133,59,69.27
mapa2.txt,Genetic,116,55,136,56,70.83
mapa2.txt,Genetic,117,59,117,75,60.94
mapa2.txt,Genetic,118,61,112,80,58.33
mapa2.txt,Genetic,119,56,131,61,68.23
mapa2.txt,Genetic,120,56,129,63,67.19
mapa2.txt,Genetic,121,60,120,72,62.50
mapa2.txt,Genetic,122,54,132,60,68.75
mapa2.txt,Genetic,123,55,147,45,76.56
mapa2.txt,Genetic,124,58,135,57,70.31
mapa2.txt,Genetic,125,57,119,73,61.98
mapa2.txt,Genetic,126,57,129,63,67.19
mapa2.txt,Genetic,127,61,133,59,69.27
mapa2.txt,Genetic,128,57,120,72,62.50
mapa2.txt,Genetic,129,59,114,78,59.38
mapa2.txt,Genetic,130,58,131,61,68.23
mapa2.txt,Genetic,131,55,126,66,65.62
mapa2.txt,Genetic,132,61,129,63,67.19
mapa2.txt,Genetic,133,56,118,74,61.46
mapa2.txt,Genetic,134,58,119,73,61.98
mapa2.txt,Genetic,135,58,113,79,58.85
mapa2.txt,Genetic,136,58,131,61,68.23
mapa2.txt,Genetic,137,60,127,65,66.15
mapa2.txt,Genetic,138,61,129,63,67.19
mapa2.txt,Genetic,139,59,106,86,55.21
mapa2.txt,Genetic,140,61,129,63,67.19
mapa2.txt,Genetic,141,59,125,67,65.10
mapa2.txt,Genetic,142,59,138,54,71.88
mapa2.txt,Genetic,143,56,144,48,75.00
mapa2.txt,Genetic,144,53,131,61,68.23
mapa2.txt,Genetic,145,61,127,65,66.15
mapa2.txt,Genetic,146,56,133,59,69.27
mapa2.txt,Genetic,147,61,120,72,62.50
mapa2.txt,Genetic,148,61,114,78,59.38
mapa2.txt,Genetic,149,61,135,57,70.31
mapa2.txt,Genetic,150,56,119,73,61.98
mapa2.txt,Genetic,151,60,132,60,68.75
mapa2.txt,Genetic,152,58,140,52,72.92
mapa2.txt,Genetic,153,54,124,68,64.58
mapa2.txt,Genetic,154,58,150,42,78.12
mapa2.txt,Genetic,155,58,106,86,55.21
mapa2.txt,Genetic,156,60,129,63,67.19
mapa2.txt,Genetic,157,57,127,65,66.15
mapa2.txt,Genetic,158,58,123,69,64.06
mapa2.txt,Genetic,159,61,134,58,69.79
mapa2.txt,Genetic,160,61,152,40,79.17
mapa3.txt,BFS,1,38,107,21,83.59
mapa3.txt,BFS,2,40,99,29,77.34
mapa3.txt,BFS,3,38,102,26,79.69
mapa3.txt,BFS,4,40,101,27,78.91
mapa3.txt,BFS,5,38,109,19,85.16
mapa3.txt,BFS,6,40,107,21,83.59
mapa3.txt,BFS,7,38,104,24,81.25
mapa3.txt,BFS,8,40,103,25,80.47
mapa3.txt,BFS,9,40,108,20,84.38
mapa3.txt,BFS,10,38,102,26,79.69
mapa3.txt,BFS,11,38,105,23,82.03
mapa3.txt,BFS,12,40,104,24,81.25
mapa3.txt,BFS,13,38,106,22,82.81
mapa3.txt,BFS,14,38,104,24,81.25
mapa3.txt,BFS,15,40,105,23,82.03
mapa3.txt,BFS,16,40,101,27,78.91
mapa3.txt,BFS,17,38,102,26,79.69
mapa3.txt,BFS,18,40,112,16,87.50
mapa3.txt,BFS,19,38,105,23,82.03
mapa3.txt,BFS,20,38,111,17,86.72
mapa3.txt,BFS,21,40,110,18,85.94
mapa3.txt,BFS,22,38,107,21,83.59
mapa3.txt,BFS,23,38,110,18,85.94
mapa3.txt,BFS,24,40,110,18,85.94
mapa3.txt,BFS,25,38,105,23,82.03
mapa3.txt,BFS,26,36,104,24,81.25
mapa3.txt,BFS,27,38,102,26,79.69
mapa3.txt,BFS,28,40,108,20,84.38
mapa3.txt,BFS,29,38,107,21,83.59
mapa3.txt,BFS,30,40,100,28,78.12
mapa3.txt,BFS,31,38,98,30,76.56
mapa3.txt,BFS,32,38,100,28,78.12
mapa3.txt,BFS,33,38,101,27,78.91
mapa3.txt,BFS,34,35,104,24,81.25
mapa3.txt,BFS,35,38,105,23,82.03
mapa3.txt,BFS,36,34,100,28,78.12
mapa3.txt,BFS,37,38,95,33,74.22
mapa3.txt,BFS,38,40,103,25,80.47
mapa3.txt,BFS,39,38,102,26,79.69
mapa3.txt,BFS,40,38,98,30,76.56
mapa3.txt,BFS,41,38,97,31,75.78
mapa3.txt,BFS,42,38,111,17,86.72
mapa3.txt,BFS,43,38,106,22,82.81
mapa3.txt,BFS,44,40,101,27,78.91
mapa3.txt,BFS,45,38,103,25,80.47
mapa3.txt,BFS,46,38,111,17,86.72
mapa3.txt,BFS,47,38,100,28,78.12
mapa3.txt,BFS,48,38,98,30,76.56
mapa3.txt,BFS,49,40,104,24,81.25
mapa3.txt,BFS,50,40,110,18,85.94
mapa3.txt,BFS,51,38,108,20,84.38
mapa3.txt,BFS,52,40,95,33,74.22
mapa3.txt,BFS,53,38,99,29,77.34
mapa3.txt,BFS,54,40,113,15,88.28
mapa3.txt,BFS,55,40,102,26,79.69
mapa3.txt,BFS,56,38,100,28,78.12
mapa3.txt,BFS,57,38,103,25,80.47
mapa3.txt,BFS,58,38,101,27,78.91
mapa3.txt,BFS,59,40,108,20,84.38
mapa3.txt,BFS,60,38,107,21,83.59
mapa3.txt,BFS,61,40,104,24,81.25
mapa3.txt,BFS,62,40,101,27,78.91
mapa3.txt,BFS,63,38,104,24,81.25
mapa3.txt,BFS,64,40,104,24,81.25
mapa3.txt,BFS,65,40,100,28,78.12
mapa3.txt,BFS,66,40,102,26,79.69
mapa3.txt,BFS,67,38,98,30,76.56
mapa3.txt,BFS,68,40,100,28,78.12
mapa3.txt,BFS,69,40,106,22,82.81
mapa3.txt,BFS,70,38,100,28,78.12
mapa3.txt,BFS,71,40,104,24,81.25
mapa3.txt,BFS,72,38,102,26,79.69
mapa3.txt,BFS,73,40,93,35,72.66
mapa3.txt,BFS,74,40,107,21,83.59
mapa3.txt,BFS,75,40,107,21,83.59
mapa3.txt,BFS,76,40,109,19,85.16
mapa3.txt,BFS,77,38,97,31,75.78
mapa3.txt,BFS,78,40,109,19,85.16
mapa3.txt,BFS,79,40,108,20,84.38
mapa3.txt,BFS,80,35,103,25,80.47
mapa3.txt,BFS,81,40,102,26,79.69
mapa3.txt,BFS,82,40,97,31,75.78
mapa3.txt,BFS,83,40,99,29,77.34
mapa3.txt,BFS,84,38,103,25,80.47
mapa3.txt,BFS,85,38,101,27,78.91
mapa3.txt,BFS,86,40,110,18,85.94
mapa3.txt,BFS,87,38,111,17,86.72
mapa3.txt,BFS,88,40,106,22,82.81
mapa3.txt,BFS,89,40,103,25,80.47
mapa3.txt,BFS,90,38,106,22,82.81
mapa3.txt,BFS,91,38,107,21,83.59
mapa3.txt,BFS,92,38,101,27,78.91
mapa3.txt,BFS,93,38,104,24,81.25
mapa3.txt,BFS,94,40,111,17,86.72
mapa3.txt,BFS,95,38,109,19,85.16
mapa3.txt,BFS,96,38,107,21,83.59
mapa3.txt,BFS,97,38,101,27,78.91
mapa3.txt,BFS,98,38,109,19,85.16
mapa3.txt,BFS,99,38,109,19,85.16
mapa3.txt,BFS,100,38,103,25,80.47
mapa3.txt,BFS,101,40,98,30,76.56
mapa3.txt,BFS,102,38,102,26,79.69
mapa3.txt,BFS,103,38,101,27,78.91
mapa3.txt,BFS,104,40,109,19,85.16
mapa3.txt,BFS,105,38,95,33,74.22
mapa3.txt,BFS,106,38,108,20,84.38
mapa3.txt,BFS,107,40,98,30,76.56
mapa3.txt,BFS,108,38,95,33,74.22
mapa3.txt,BFS,109,38,97,31,75.78
mapa3.txt,BFS,110,40,107,21,83.59
mapa3.txt,BFS,111,40,97,31,75.78
mapa3.txt,BFS,112,40,109,19,85.16
mapa3.txt,BFS,113,40,107,21,83.59
mapa3.txt,BFS,114,40,109,19,85.16
mapa3.txt,BFS,115,38,93,35,72.66
mapa3.txt,BFS,116,38,101,27,78.91
mapa3.txt,BFS,117,40,100,28,78.12
mapa3.txt,BFS,118,40,102,26,79.69
mapa3.txt,BFS,119,38,103,25,80.47
mapa3.txt,BFS,120,38,112,16,87.50
mapa3.txt,BFS,121,40,102,26,79.69
mapa3.txt,BFS,122,38,109,19,85.16
mapa3.txt,BFS,123,40,99,29,77.34
mapa3.txt,BFS,124,40,94,34,73.44
mapa3.txt,BFS,125,40,97,31,75.78
mapa3.txt,BFS,126,38,104,24,81.25
mapa3.txt,BFS,127,38,102,26,79.69
mapa3.txt,BFS,128,40,101,27,78.91
mapa3.txt,BFS,129,40,115,13,89.84
mapa3.txt,BFS,130,40,101,27,78.91
mapa3.txt,BFS,131,40,111,17,86.72
mapa3.txt,BFS,132,40,96,32,75.00
mapa3.txt,BFS,133,38,109,19,85.16
mapa3.txt,BFS,134,40,102,26,79.69
mapa3.txt,BFS,135,40,107,21,83.59
mapa3.txt,BFS,136,38,104,24,81.25
mapa3.txt,BFS,137,38,102,26,79.69
mapa3.txt,BFS,138,40,101,27,78.91
mapa3.txt,BFS,139,38,112,16,87.50
mapa3.txt,BFS,140,40,100,28,78.12
mapa3.txt,BFS,141,38,102,26,79.69
mapa3.txt,BFS,142,38,99,29,77.34
mapa3.txt,BFS,143,38,108,20,84.38
mapa3.txt,BFS,144,40,106,22,82.81
mapa3.txt,BFS,145,36,101,27,78.91
mapa3.txt,BFS,146,40,108,20,84.38
mapa3.txt,BFS,147,38,101,27,78.91
mapa3.txt,BFS,148,40,102,26,79.69
mapa3.txt,BFS,149,40,109,19,85.16
mapa3.txt,BFS,150,38,103,25,80.47
mapa3.txt,BFS,151,38,107,21,83.59
mapa3.txt,BFS,152,38,102,26,79.69
mapa3.txt,BFS,153,38,104,24,81.25
mapa3.txt,BFS,154,38,109,19,85.16
mapa3.txt,BFS,155,38,100,28,78.12
mapa3.txt,BFS,156,38,108,20,84.38
mapa3.txt,BFS,157,40,100,28,78.12
mapa3.txt,BFS,158,40,104,24,81.25
mapa3.txt,BFS,159,38,104,24,81.25
mapa3.txt,BFS,160,38,102,26,79.69
mapa3.txt,Dijkstra,1,55,114,14,89.06
mapa3.txt,Dijkstra,2,53,113,15,88.28
mapa3.txt,Dijkstra,3,51,112,16,87.50
mapa3.txt,Dijkstra,4,53,112,16,87.50
mapa3.txt,Dijkstra,5,51,116,12,90.62
mapa3.txt,Dijkstra,6,51,110,18,85.94
mapa3.txt,Dijkstra,7,51,112,16,87.50
mapa3.txt,Dijkstra,8,46,117,11,91.41
mapa3.txt,Dijkstra,9,53,113,15,88.28
mapa3.txt,Dijkstra,10,49,118,10,92.19
mapa3.txt,Dijkstra,11,55,112,16,87.50
mapa3.txt,Dijkstra,12,55,114,14,89.06
mapa3.txt,Dijkstra,13,47,117,11,91.41
mapa3.txt,Dijkstra,14,47,113,15,88.28
mapa3.txt,Dijkstra,15,51,117,11,91.41
mapa3.txt,Dijkstra,16,52,120,8,93.75
mapa3.txt,Dijkstra,17,51,113,15,88.28
mapa3.txt,Dijkstra,18,54,117,11,91.41
mapa3.txt,Dijkstra,19,53,112,16,87.50
mapa3.txt,Dijkstra,20,49,114,14,89.06
mapa3.txt,Dijkstra,21,53,116,12,90.62
mapa3.txt,Dijkstra,22,55,112,16,87.50
mapa3.txt,Dijkstra,23,51,108,20,84.38
mapa3.txt,Dijkstra,24,51,118,10,92.19
mapa3.txt,Dijkstra,25,51,114,14,89.06
mapa3.txt,Dijkstra,26,50,118,10,92.19
mapa3.txt,Dijkstra,27,52,113,15,88.28
mapa3.txt,Dijkstra,28,47,118,10,92.19
mapa3.txt,Dijkstra,29,50,111,17,86.72
mapa3.txt,Dijkstra,30,52,110,18,85.94
mapa3.txt,Dijkstra,31,50,115,13,89.84
mapa3.txt,Dijkstra,32,53,115,13,89.84
mapa3.txt,Dijkstra,33,48,113,15,88.28
mapa3.txt,Dijkstra,34,45,116,12,90.62
mapa3.txt,Dijkstra,35,53,117,11,91.41
mapa3.txt,Dijkstra,36,55,112,16,87.50
mapa3.txt,Dijkstra,37,51,113,15,88.28
mapa3.txt,Dijkstra,38,48,113,15,88.28
mapa3.txt,Dijkstra,39,51,119,9,92.97
mapa3.txt,Dijkstra,40,51,113,15,88.28
mapa3.txt,Dijkstra,41,50,115,13,89.84
mapa3.txt,Dijkstra,42,51,110,18,85.94
mapa3.txt,Dijkstra,43,51,116,12,90.62
mapa3.txt,Dijkstra,44,53,116,12,90.62
mapa3.txt,Dijkstra,45,49,108,20,84.38
mapa3.txt,Dijkstra,46,48,116,12,90.62
mapa3.txt,Dijkstra,47,51,119,9,92.97
mapa3.txt,Dijkstra,48,45,112,16,87.50
mapa3.txt,Dijkstra,49,49,117,11,91.41
mapa3.txt,Dijkstra,50,49,112,16,87.50
mapa3.txt,Dijkstra,51,49,117,11,91.41
mapa3.txt,Dijkstra,52,55,114,14,89.06
mapa3.txt,Dijkstra,53,55,118,10,92.19
mapa3.txt,Dijkstra,54,53,114,14,89.06
mapa3.txt,Dijkstra,55,53,114,14,89.06
mapa3.txt,Dijkstra,56,53,109,19,85.16
mapa3.txt,Dijkstra,57,55,113,15,88.28
mapa3.txt,Dijkstra,58,50,120,8,93.75
mapa3.txt,Dijkstra,59,53,116,12,90.62
mapa3.txt,Dijkstra,60,52,119,9,92.97
mapa3.txt,Dijkstra,61,46,119,9,92.97
mapa3.txt,Dijkstra,62,53,116,12,90.62
mapa3.txt,Dijkstra,63,52,113,15,88.28
mapa3.txt,Dijkstra,64,53,115,13,89.84
mapa3.txt,Dijkstra,65,53,113,15,88.28
mapa3.txt,Dijkstra,66,46,114,14,89.06
mapa3.txt,Dijkstra,67,53,114,14,89.06
mapa3.txt,Dijkstra,68,51,110,18,85.94
mapa3.txt,Dijkstra,69,53,116,12,90.62
mapa3.txt,Dijkstra,70,51,115,13,89.84
mapa3.txt,Dijkstra,71,55,119,9,92.97
mapa3.txt,Dijkstra,72,47,111,17,86.72
mapa3.txt,Dijkstra,73,55,112,16,87.50
mapa3.txt,Dijkstra,74,53,116,12,90.62
mapa3.txt,Dijkstra,75,53,114,14,89.06
mapa3.txt,Dijkstra,76,51,119,9,92.97
mapa3.txt,Dijkstra,77,55,116,12,90.62
mapa3.txt,Dijkstra,78,49,112,16,87.50
mapa3.txt,Dijkstra,79,51,112,16,87.50
mapa3.txt,Dijkstra,80,51,119,9,92.97
mapa3.txt,Dijkstra,81,49,115,13,89.84
mapa3.txt,Dijkstra,82,48,121,7,94.53
mapa3.txt,Dijkstra,83,51,114,14,89.06
mapa3.txt,Dijkstra,84,49,112,16,87.50
mapa3.txt,Dijkstra,85,46,114,14,89.06
mapa3.txt,Dijkstra,86,55,113,15,88.28
mapa3.txt,Dijkstra,87,55,122,6,95.31
mapa3.txt,Dijkstra,88,53,120,8,93.75
mapa3.txt,Dijkstra,89,51,115,13,89.84
mapa3.txt,Dijkstra,90,55,115,13,89.84
mapa3.txt,Dijkstra,91,55,114,14,89.06
mapa3.txt,Dijkstra,92,45,112,16,87.50
mapa3.txt,Dijkstra,93,52,120,8,93.75
mapa3.txt,Dijkstra,94,60,113,15,88.28
mapa3.txt,Dijkstra,95,49,117,11,91.41
mapa3.txt,Dijkstra,96,49,106,22,82.81
mapa3.txt,Dijkstra,97,51,114,14,89.06
mapa3.txt,Dijkstra,98,55,119,9,92.97
mapa3.txt,Dijkstra,99,51,111,17,86.72
mapa3.txt,Dijkstra,100,47,111,17,86.72
mapa3.txt,Dijkstra,101,46,111,17,86.72
mapa3.txt,Dijkstra,102,49,114,14,89.06
mapa3.txt,Dijkstra,103,49,115,13,89.84
mapa3.txt,Dijkstra,104,53,109,19,85.16
mapa3.txt,Dijkstra,105,51,113,15,88.28
mapa3.txt,Dijkstra,106,49,110,18,85.94
mapa3.txt,Dijkstra,107,53,115,13,89.84
mapa3.txt,Dijkstra,108,45,117,11,91.41
mapa3.txt,Dijkstra,109,49,111,17,86.72
mapa3.txt,Dijkstra,110,55,119,9,92.97
mapa3.txt,Dijkstra,111,55,117,11,91.41
mapa3.txt,Dijkstra,112,53,116,12,90.62
mapa3.txt,Dijkstra,113,49,117,11,91.41
mapa3.txt,Dijkstra,114,55,118,10,92.19
mapa3.txt,Dijkstra,115,53,122,6,95.31
mapa3.txt,Dijkstra,116,51,109,19,85.16
mapa3.txt,Dijkstra,117,52,115,13,89.84
mapa3.txt,Dijkstra,118,50,123,5,96.09
mapa3.txt,Dijkstra,119,49,118,10,92.19
mapa3.txt,Dijkstra,120,55,114,14,89.06
mapa3.txt,Dijkstra,121,51,110,18,85.94
mapa3.txt,Dijkstra,122,51,117,11,91.41
mapa3.txt,Dijkstra,123,48,113,15,88.28
mapa3.txt,Dijkstra,124,51,117,11,91.41
mapa3.txt,Dijkstra,125,51,117,11,91.41
mapa3.txt,Dijkstra,126,49,115,13,89.84
mapa3.txt,Dijkstra,127,52,116,12,90.62
mapa3.txt,Dijkstra,128,53,114,14,89.06
mapa3.txt,Dijkstra,129,48,113,15,88.28
mapa3.txt,Dijkstra,130,52,114,14,89.06
mapa3.txt,Dijkstra,131,54,114,14,89.06
mapa3.txt,Dijkstra,132,51,109,19,85.16
mapa3.txt,Dijkstra,133,55,118,10,92.19
mapa3.txt,Dijkstra,134,51,119,9,92.97
mapa3.txt,Dijkstra,135,53,116,12,90.62
mapa3.txt,Dijkstra,136,54,114,14,89.06
mapa3.txt,Dijkstra,137,53,119,9,92.97
mapa3.txt,Dijkstra,138,48,110,18,85.94
mapa3.txt,Dijkstra,139,49,114,14,89.06
mapa3.txt,Dijkstra,140,53,112,16,87.50
mapa3.txt,Dijkstra,141,52,113,15,88.28
mapa3.txt,Dijkstra,142,49,108,20,84.38
mapa3.txt,Dijkstra,143,53,117,11,91.41
mapa3.txt,Dijkstra,144,55,112,16,87.50
mapa3.txt,Dijkstra,145,55,114,14,89.06
mapa3.txt,Dijkstra,146,55,116,12,90.62
mapa3.txt,Dijkstra,147,49,109,19,85.16
mapa3.txt,Dijkstra,148,49,115,13,89.84
mapa3.txt,Dijkstra,149,51,118,10,92.19
mapa3.txt,Dijkstra,150,52,116,12,90.62
mapa3.txt,Dijkstra,151,54,111,17,86.72
mapa3.txt,Dijkstra,152,55,118,10,92.19
mapa3.txt,Dijkstra,153,48,119,9,92.97
mapa3.txt,Dijkstra,154,49,115,13,89.84
mapa3.txt,Dijkstra,155,55,113,15,88.28
mapa3.txt,Dijkstra,156,49,116,12,90.62
mapa3.txt,Dijkstra,157,49,110,18,85.94
mapa3.txt,Dijkstra,158,48,108,20,84.38
mapa3.txt,Dijkstra,159,51,118,10,92.19
mapa3.txt,Dijkstra,160,49,117,11,91.41
mapa3.txt,A*,1,47,114,14,89.06
mapa3.txt,A*,2,45,119,9,92.97
mapa3.txt,A*,3,51,118,10,92.19
mapa3.txt,A*,4,44,120,8,93.75
mapa3.txt,A*,5,48,116,12,90.62
mapa3.txt,A*,6,45,122,6,95.31
mapa3.txt,A*,7,51,120,8,93.75
mapa3.txt,A*,8,46,116,12,90.62
mapa3.txt,A*,9,47,117,11,91.41
mapa3.txt,A*,10,51,120,8,93.75
mapa3.txt,A*,11,46,116,12,90.62
mapa3.txt,A*,12,47,117,11,91.41
mapa3.txt,A*,13,46,122,6,95.31
mapa3.txt,A*,14,46,118,10,92.19
mapa3.txt,A*,15,48,110,18,85.94
mapa3.txt,A*,16,47,117,11,91.41
mapa3.txt,A*,17,44,121,7,94.53
mapa3.txt,A*,18,47,118,10,92.19
mapa3.txt,A*,19,44,119,9,92.97
mapa3.txt,A*,20,49,121,7,94.53
mapa3.txt,A*,21,47,115,13,89.84
mapa3.txt,A*,22,47,115,13,89.84
mapa3.txt,A*,23,45,119,9,92.97
mapa3.txt,A*,24,47,117,11,91.41
mapa3.txt,A*,25,44,115,13,89.84
mapa3.txt,A*,26,45,116,12,90.62
mapa3.txt,A*,27,46,116,12,90.62
mapa3.txt,A*,28,46,119,9,92.97
mapa3.txt,A*,29,49,119,9,92.97
mapa3.txt,A*,30,47,113,15,88.28
mapa3.txt,A*,31,46,112,16,87.50
mapa3.txt,A*,32,46,117,11,91.41
mapa3.txt,A*,33,47,116,12,90.62
mapa3.txt,A*,34,47,118,10,92.19
mapa3.txt,A*,35,46,120,8,93.75
mapa3.txt,A*,36,45,119,9,92.97
mapa3.txt,A*,37,47,121,7,94.53
mapa3.txt,A*,38,46,121,7,94.53
mapa3.txt,A*,39,45,114,14,89.06
mapa3.txt,A*,40,45,113,15,88.28
mapa3.txt,A*,41,47,121,7,94.53
mapa3.txt,A*,42,47,121,7,94.53
mapa3.txt,A*,43,47,118,10,92.19
mapa3.txt,A*,44,47,118,10,92.19
mapa3.txt,A*,45,45,121,7,94.53
mapa3.txt,A*,46,47,116,12,90.62
mapa3.txt,A*,47,46,113,15,88.28
mapa3.txt,A*,48,46,116,12,90.62
mapa3.txt,A*,49,46,119,9,92.97
mapa3.txt,A*,50,46,118,10,92.19
mapa3.txt,A*,51,47,115,13,89.84
mapa3.txt,A*,52,43,112,16,87.50
mapa3.txt,A*,53,43,113,15,88.28
mapa3.txt,A*,54,49,121,7,94.53
mapa3.txt,A*,55,47,120,8,93.75
mapa3.txt,A*,56,48,117,11,91.41
mapa3.txt,A*,57,45,121,7,94.53
mapa3.txt,A*,58,46,112,16,87.50
mapa3.txt,A*,59,47,121,7,94.53
mapa3.txt,A*,60,46,119,9,92.97
mapa3.txt,A*,61,46,120,8,93.75
mapa3.txt,A*,62,48,116,12,90.62
mapa3.txt,A*,63,45,117,11,91.41
mapa3.txt,A*,64,45,116,12,90.62
mapa3.txt,A*,65,46,115,13,89.84
mapa3.txt,A*,66,45,114,14,89.06
mapa3.txt,A*,67,46,116,12,90.62
mapa3.txt,A*,68,41,114,14,89.06
mapa3.txt,A*,69,45,114,14,89.06
mapa3.txt,A*,70,47,117,11,91.41
mapa3.txt,A*,71,50,117,11,91.41
mapa3.txt,A*,72,45,119,9,92.97
mapa3.txt,A*,73,45,118,10,92.19
mapa3.txt,A*,74,46,117,11,91.41
mapa3.txt,A*,75,47,114,14,89.06
mapa3.txt,A*,76,45,114,14,89.06
mapa3.txt,A*,77,47,117,11,91.41
mapa3.txt,A*,78,47,116,12,90.62
mapa3.txt,A*,79,51,112,16,87.50
mapa3.txt,A*,80,44,114,14,89.06
mapa3.txt,A*,81,48,119,9,92.97
mapa3.txt,A*,82,46,115,13,89.84
mapa3.txt,A*,83,46,116,12,90.62
mapa3.txt,A*,84,47,113,15,88.28
mapa3.txt,A*,85,46,116,12,90.62
mapa3.txt,A*,86,47,117,11,91.41
mapa3.txt,A*,87,45,116,12,90.62
mapa3.txt,A*,88,46,114,14,89.06
mapa3.txt,A*,89,45,111,17,86.72
mapa3.txt,A*,90,45,116,12,90.62
mapa3.txt,A*,91,47,120,8,93.75
mapa3.txt,A*,92,45,115,13,89.84
mapa3.txt,A*,93,46,117,11,91.41
mapa3.txt,A*,94,47,117,11,91.41
mapa3.txt,A*,95,45,115,13,89.84
mapa3.txt,A*,96,45,110,18,85.94
mapa3.txt,A*,97,46,114,14,89.06
mapa3.txt,A*,98,47,120,8,93.75
mapa3.txt,A*,99,47,120,8,93.75
mapa3.txt,A*,100,45,114,14,89.06
mapa3.txt,A*,101,43,112,16,87.50
mapa3.txt,A*,102,46,117,11,91.41
mapa3.txt,A*,103,46,121,7,94.53
mapa3.txt,A*,104,43,118,10,92.19
mapa3.txt,A*,105,47,116,12,90.62
mapa3.txt,A*,106,47,119,9,92.97
mapa3.txt,A*,107,46,112,16,87.50
mapa3.txt,A*,108,47,113,15,88.28
mapa3.txt,A*,109,43,118,10,92.19
mapa3.txt,A*,110,46,116,12,90.62
mapa3.txt,A*,111,47,114,14,89.06
mapa3.txt,A*,112,47,116,12,90.62
mapa3.txt,A*,113,46,118,10,92.19
mapa3.txt,A*,114,46,119,9,92.97
mapa3.txt,A*,115,45,118,10,92.19
mapa3.txt,A*,116,46,117,11,91.41
mapa3.txt,A*,117,45,120,8,93.75
mapa3.txt,A*,118,47,121,7,94.53
mapa3.txt,A*,119,45,118,10,92.19
mapa3.txt,A*,120,43,116,12,90.62
mapa3.txt,A*,121,44,113,15,88.28
mapa3.txt,A*,122,47,121,7,94.53
mapa3.txt,A*,123,46,117,11,91.41
mapa3.txt,A*,124,43,111,17,86.72
mapa3.txt,A*,125,47,119,9,92.97
mapa3.txt,A*,126,45,116,12,90.62
mapa3.txt,A*,127,47,120,8,93.75
mapa3.txt,A*,128,45,120,8,93.75
mapa3.txt,A*,129,45,116,12,90.62
mapa3.txt,A*,130,47,118,10,92.19
mapa3.txt,A*,131,47,116,12,90.62
mapa3.txt,A*,132,60,120,8,93.75
mapa3.txt,A*,133,46,121,7,94.53
mapa3.txt,A*,134,47,118,10,92.19
mapa3.txt,A*,135,44,114,14,89.06
mapa3.txt,A*,136,44,121,7,94.53
mapa3.txt,A*,137,47,114,14,89.06
mapa3.txt,A*,138,45,122,6,95.31
mapa3.txt,A*,139,47,122,6,95.31
mapa3.txt,A*,140,45,119,9,92.97
mapa3.txt,A*,141,46,122,6,95.31
mapa3.txt,A*,142,45,115,13,89.84
mapa3.txt,A*,143,47,114,14,89.06
mapa3.txt,A*,144,46,115,13,89.84
mapa3.txt,A*,145,45,120,8,93.75
mapa3.txt,A*,146,45,122,6,95.31
mapa3.txt,A*,147,46,114,14,89.06
mapa3.txt,A*,148,47,115,13,89.84
mapa3.txt,A*,149,43,119,9,92.97
mapa3.txt,A*,150,46,118,10,92.19
mapa3.txt,A*,151,46,117,11,91.41
mapa3.txt,A*,152,47,116,12,90.62
mapa3.txt,A*,153,47,118,10,92.19
mapa3.txt,A*,154,45,119,9,92.97
mapa3.txt,A*,155,46,118,10,92.19
mapa3.txt,A*,156,45,115,13,89.84
mapa3.txt,A*,157,44,118,10,92.19
mapa3.txt,A*,158,43,121,7,94.53
mapa3.txt,A*,159,47,114,14,89.06
mapa3.txt,A*,160,47,116,12,90.62
mapa3.txt,Greedy,1,44,119,9,92.97
mapa3.txt,Greedy,2,47,118,10,92.19
mapa3.txt,Greedy,3,47,119,9,92.97
mapa3.txt,Greedy,4,45,116,12,90.62
mapa3.txt,Greedy,5,47,122,6,95.31
mapa3.txt,Greedy,6,47,124,4,96.88
mapa3.txt,Greedy,7,45,122,6,95.31
mapa3.txt,Greedy,8,44,119,9,92.97
mapa3.txt,Greedy,9,47,114,14,89.06
mapa3.txt,Greedy,10,47,116,12,90.62
mapa3.txt,Greedy,11,45,116,12,90.62
mapa3.txt,Greedy,12,45,121,7,94.53
mapa3.txt,Greedy,13,47,120,8,93.75
mapa3.txt,Greedy,14,47,121,7,94.53
mapa3.txt,Greedy,15,47,116,12,90.62
mapa3.txt,Greedy,16,47,113,15,88.28
mapa3.txt,Greedy,17,47,124,4,96.88
mapa3.txt,Greedy,18,44,123,5,96.09
mapa3.txt,Greedy,19,47,117,11,91.41
mapa3.txt,Greedy,20,47,118,10,92.19
mapa3.txt,Greedy,21,44,122,6,95.31
mapa3.txt,Greedy,22,46,117,11,91.41
mapa3.txt,Greedy,23,47,120,8,93.75
mapa3.txt,Greedy,24,45,111,17,86.72
mapa3.txt,Greedy,25,47,120,8,93.75
mapa3.txt,Greedy,26,46,112,16,87.50
mapa3.txt,Greedy,27,47,122,6,95.31
mapa3.txt,Greedy,28,44,120,8,93.75
mapa3.txt,Greedy,29,47,121,7,94.53
mapa3.txt,Greedy,30,47,116,12,90.62
mapa3.txt,Greedy,31,47,119,9,92.97
mapa3.txt,Greedy,32,47,119,9,92.97
mapa3.txt,Greedy,33,47,117,11,91.41
mapa3.txt,Greedy,34,47,123,5,96.09
mapa3.txt,Greedy,35,47,118,10,92.19
mapa3.txt,Greedy,36,47,113,15,88.28
mapa3.txt,Greedy,37,44,119,9,92.97
mapa3.txt,Greedy,38,47,112,16,87.50
mapa3.txt,Greedy,39,46,120,8,93.75
mapa3.txt,Greedy,40,47,118,10,92.19
mapa3.txt,Greedy,41,47,117,11,91.41
mapa3.txt,Greedy,42,45,120,8,93.75
mapa3.txt,Greedy,43,47,114,14,89.06
mapa3.txt,Greedy,44,46,115,13,89.84
mapa3.txt,Greedy,45,45,122,6,95.31
mapa3.txt,Greedy,46,47,113,15,88.28
mapa3.txt,Greedy,47,44,121,7,94.53
mapa3.txt,Greedy,48,46,118,10,92.19
mapa3.txt,Greedy,49,47,118,10,92.19
mapa3.txt,Greedy,50,45,115,13,89.84
mapa3.txt,Greedy,51,47,114,14,89.06
mapa3.txt,Greedy,52,45,117,11,91.41
mapa3.txt,Greedy,53,45,119,9,92.97
mapa3.txt,Greedy,54,45,115,13,89.84
mapa3.txt,Greedy,55,47,114,14,89.06
mapa3.txt,Greedy,56,46,119,9,92.97
mapa3.txt,Greedy,57,47,123,5,96.09
mapa3.txt,Greedy,58,46,120,8,93.75
mapa3.txt,Greedy,59,47,117,11,91.41
mapa3.txt,Greedy,60,47,118,10,92.19
mapa3.txt,Greedy,61,43,118,10,92.19
mapa3.txt,Greedy,62,47,117,11,91.41
mapa3.txt,Greedy,63,47,118,10,92.19
mapa3.txt,Greedy,64,46,120,8,93.75
mapa3.txt,Greedy,65,47,123,5,96.09
mapa3.txt,Greedy,66,46,120,8,93.75
mapa3.txt,Greedy,67,47,121,7,94.53
mapa3.txt,Greedy,68,44,116,12,90.62
mapa3.txt,Greedy,69,47,116,12,90.62
mapa3.txt,Greedy,70,47,109,19,85.16
mapa3.txt,Greedy,71,46,122,6,95.31
mapa3.txt,Greedy,72,47,120,8,93.75
mapa3.txt,Greedy,73,47,117,11,91.41
mapa3.txt,Greedy,74,47,117,11,91.41
mapa3.txt,Greedy,75,46,121,7,94.53
mapa3.txt,Greedy,76,47,117,11,91.41
mapa3.txt,Greedy,77,47,121,7,94.53
mapa3.txt,Greedy,78,45,119,9,92.97
mapa3.txt,Greedy,79,47,118,10,92.19
mapa3.txt,Greedy,80,47,120,8,93.75
mapa3.txt,Greedy,81,47,119,9,92.97
mapa3.txt,Greedy,82,47,121,7,94.53
mapa3.txt,Greedy,83,47,117,11,91.41
mapa3.txt,Greedy,84,47,122,6,95.31
mapa3.txt,Greedy,85,45,120,8,93.75
mapa3.txt,Greedy,86,45,122,6,95.31
mapa3.txt,Greedy,87,47,117,11,91.41
mapa3.txt,Greedy,88,47,119,9,92.97
mapa3.txt,Greedy,89,47,120,8,93.75
mapa3.txt,Greedy,90,47,118,10,92.19
mapa3.txt,Greedy,91,43,118,10,92.19
mapa3.txt,Greedy,92,47,120,8,93.75
mapa3.txt,Greedy,93,47,122,6,95.31
mapa3.txt,Greedy,94,46,112,16,87.50
mapa3.txt,Greedy,95,47,117,11,91.41
mapa3.txt,Greedy,96,47,115,13,89.84
mapa3.txt,Greedy,97,47,119,9,92.97
mapa3.txt,Greedy,98,47,119,9,92.97
mapa3.txt,Greedy,99,47,114,14,89.06
mapa3.txt,Greedy,100,47,118,10,92.19
mapa3.txt,Greedy,101,47,121,7,94.53
mapa3.txt,Greedy,102,43,121,7,94.53
mapa3.txt,Greedy,103,47,119,9,92.97
mapa3.txt,Greedy,104,46,122,6,95.31
mapa3.txt,Greedy,105,47,118,10,92.19
mapa3.txt,Greedy,106,45,112,16,87.50
mapa3.txt,Greedy,107,47,116,12,90.62
mapa3.txt,Greedy,108,47,121,7,94.53
mapa3.txt,Greedy,109,47,115,13,89.84
mapa3.txt,Greedy,110,47,116,12,90.62
mapa3.txt,Greedy,111,42,120,8,93.75
mapa3.txt,Greedy,112,47,117,11,91.41
mapa3.txt,Greedy,113,47,118,10,92.19
mapa3.txt,Greedy,114,47,116,12,90.62
mapa3.txt,Greedy,115,47,121,7,94.53
mapa3.txt,Greedy,116,47,118,10,92.19
mapa3.txt,Greedy,117,45,120,8,93.75
mapa3.txt,Greedy,118,44,118,10,92.19
mapa3.txt,Greedy,119,47,119,9,92.97
mapa3.txt,Greedy,120,46,123,5,96.09
mapa3.txt,Greedy,121,47,124,4,96.88
mapa3.txt,Greedy,122,46,121,7,94.53
mapa3.txt,Greedy,123,46,119,9,92.97
mapa3.txt,Greedy,124,47,115,13,89.84
mapa3.txt,Greedy,125,47,118,10,92.19
mapa3.txt,Greedy,126,45,122,6,95.31
mapa3.txt,Greedy,127,47,121,7,94.53
mapa3.txt,Greedy,128,47,114,14,89.06
mapa3.txt,Greedy,129,47,120,8,93.75
mapa3.txt,Greedy,130,47,118,10,92.19
mapa3.txt,Greedy,131,47,118,10,92.19
mapa3.txt,Greedy,132,46,117,11,91.41
mapa3.txt,Greedy,133,47,120,8,93.75
mapa3.txt,Greedy,134,47,122,6,95.31
mapa3.txt,Greedy,135,47,120,8,93.75
mapa3.txt,Greedy,136,47,115,13,89.84
mapa3.txt,Greedy,137,47,119,9,92.97
mapa3.txt,Greedy,138,47,118,10,92.19
mapa3.txt,Greedy,139,44,121,7,94.53
mapa3.txt,Greedy,140,47,114,14,89.06
mapa3.txt,Greedy,141,47,119,9,92.97
mapa3.txt,Greedy,142,47,117,11,91.41
mapa3.txt,Greedy,143,47,115,13,89.84
mapa3.txt,Greedy,144,47,121,7,94.53
mapa3.txt,Greedy,145,45,123,5,96.09
mapa3.txt,Greedy,146,47,119,9,92.97
mapa3.txt,Greedy,147,45,122,6,95.31
mapa3.txt,Greedy,148,43,116,12,90.62
mapa3.txt,Greedy,149,47,122,6,95.31
mapa3.txt,Greedy,150,47,118,10,92.19
mapa3.txt,Greedy,151,45,119,9,92.97
mapa3.txt,Greedy,152,44,117,11,91.41
mapa3.txt,Greedy,153,47,119,9,92.97
mapa3.txt,Greedy,154,47,118,10,92.19
mapa3.txt,Greedy,155,45,119,9,92.97
mapa3.txt,Greedy,156,47,120,8,93.75
mapa3.txt,Greedy,157,45,120,8,93.75
mapa3.txt,Greedy,158,47,116,12,90.62
mapa3.txt,Greedy,159,47,120,8,93.75
mapa3.txt,Greedy,160,47,113,15,88.28
mapa3.txt,Genetic,1,58,106,22,82.81
mapa3.txt,Genetic,2,56,110,18,85.94
mapa3.txt,Genetic,3,67,102,26,79.69
mapa3.txt,Genetic,4,67,113,15,88.28
mapa3.txt,Genetic,5,65,107,21,83.59
mapa3.txt,Genetic,6,65,103,25,80.47
mapa3.txt,Genetic,7,61,111,17,86.72
mapa3.txt,Genetic,8,63,111,17,86.72
mapa3.txt,Genetic,9,60,106,22,82.81
mapa3.txt,Genetic,10,62,101,27,78.91
mapa3.txt,Genetic,11,67,99,29,77.34
mapa3.txt,Genetic,12,64,105,23,82.03
mapa3.txt,Genetic,13,63,116,12,90.62
mapa3.txt,Genetic,14,62,115,13,89.84
mapa3.txt,Genetic,15,58,107,21,83.59
mapa3.txt,Genetic,16,68,105,23,82.03
mapa3.txt,Genetic,17,59,103,25,80.47
mapa3.txt,Genetic,18,58,116,12,90.62
mapa3.txt,Genetic,19,62,112,16,87.50
mapa3.txt,Genetic,20,62,109,19,85.16
mapa3.txt,Genetic,21,60,108,20,84.38
mapa3.txt,Genetic,22,59,105,23,82.03
mapa3.txt,Genetic,23,61,111,17,86.72
mapa3.txt,Genetic,24,60,106,22,82.81
mapa3.txt,Genetic,25,58,108,20,84.38
mapa3.txt,Genetic,26,60,103,25,80.47
mapa3.txt,Genetic,27,59,113,15,88.28
mapa3.txt,Genetic,28,60,110,18,85.94
mapa3.txt,Genetic,29,61,105,23,82.03
mapa3.txt,Genetic,30,64,106,22,82.81
mapa3.txt,Genetic,31,61,113,15,88.28
mapa3.txt,Genetic,32,62,109,19,85.16
mapa3.txt,Genetic,33,54,107,21,83.59
mapa3.txt,Genetic,34,60,109,19,85.16
mapa3.txt,Genetic,35,57,108,20,84.38
mapa3.txt,Genetic,36,65,117,11,91.41
mapa3.txt,Genetic,37,66,108,20,84.38
mapa3.txt,Genetic,38,62,113,15,88.28
mapa3.txt,Genetic,39,58,109,19,85.16
mapa3.txt,Genetic,40,65,110,18,85.94
mapa3.txt,Genetic,41,61,109,19,85.16
mapa3.txt,Genetic,42,58,106,22,82.81
mapa3.txt,Genetic,43,63,113,15,88.28
mapa3.txt,Genetic,44,62,107,21,83.59
mapa3.txt,Genetic,45,51,113,15,88.28
mapa3.txt,Genetic,46,54,110,18,85.94
mapa3.txt,Genetic,47,54,103,25,80.47
mapa3.txt,Genetic,48,62,109,19,85.16
mapa3.txt,Genetic,49,61,113,15,88.28
mapa3.txt,Genetic,50,62,113,15,88.28
mapa3.txt,Genetic,51,62,109,19,85.16
mapa3.txt,Genetic,52,56,111,17,86.72
mapa3.txt,Genetic,53,62,112,16,87.50
mapa3.txt,Genetic,54,61,109,19,85.16
mapa3.txt,Genetic,55,61,106,22,82.81
mapa3.txt,Genetic,56,61,111,17,86.72
mapa3.txt,Genetic,57,66,110,18,85.94
mapa3.txt,Genetic,58,66,106,22,82.81
mapa3.txt,Genetic,59,61,110,18,85.94
mapa3.txt,Genetic,60,65,102,26,79.69
mapa3.txt,Genetic,61,55,105,23,82.03
mapa3.txt,Genetic,62,65,113,15,88.28
mapa3.txt,Genetic,63,68,102,26,79.69
mapa3.txt,Genetic,64,63,106,22,82.81
mapa3.txt,Genetic,65,64,106,22,82.81
mapa3.txt,Genetic,66,56,109,19,85.16
mapa3.txt,Genetic,67,65,102,26,79.69
mapa3.txt,Genetic,68,65,106,22,82.81
mapa3.txt,Genetic,69,66,107,21,83.59
mapa3.txt,Genetic,70,61,105,23,82.03
mapa3.txt,Genetic,71,59,118,10,92.19
mapa3.txt,Genetic,72,66,105,23,82.03
mapa3.txt,Genetic,73,63,112,16,87.50
mapa3.txt,Genetic,74,64,110,18,85.94
mapa3.txt,Genetic,75,58,112,16,87.50
mapa3.txt,Genetic,76,69,109,19,85.16
mapa3.txt,Genetic,77,61,107,21,83.59
mapa3.txt,Genetic,78,59,109,19,85.16
mapa3.txt,Genetic,79,67,107,21,83.59
mapa3.txt,Genetic,80,62,106,22,82.81
mapa3.txt,Genetic,81,61,108,20,84.38
mapa3.txt,Genetic,82,61,113,15,88.28
mapa3.txt,Genetic,83,64,104,24,81.25
mapa3.txt,Genetic,84,63,106,22,82.81
mapa3.txt,Genetic,85,68,111,17,86.72
mapa3.txt,Genetic,86,56,110,18,85.94
mapa3.txt,Genetic,87,61,110,18,85.94
mapa3.txt,Genetic,88,59,115,13,89.84
mapa3.txt,Genetic,89,58,108,20,84.38
mapa3.txt,Genetic,90,61,107,21,83.59
mapa3.txt,Genetic,91,62,106,22,82.81
mapa3.txt,Genetic,92,63,107,21,83.59
mapa3.txt,Genetic,93,64,108,20,84.38
mapa3.txt,Genetic,94,58,115,13,89.84
mapa3.txt,Genetic,95,52,99,29,77.34
mapa3.txt,Genetic,96,62,106,22,82.81
mapa3.txt,Genetic,97,61,105,23,82.03
mapa3.txt,Genetic,98,55,115,13,89.84
mapa3.txt,Genetic,99,66,109,19,85.16
mapa3.txt,Genetic,100,58,110,18,85.94
mapa3.txt,Genetic,101,66,106,22,82.81
mapa3.txt,Genetic,102,57,109,19,85.16
mapa3.txt,Genetic,103,58,106,22,82.81
mapa3.txt,Genetic,104,62,104,24,81.25
mapa3.txt,Genetic,105,62,110,18,85.94
mapa3.txt,Genetic,106,62,114,14,89.06
mapa3.txt,Genetic,107,57,107,21,83.59
mapa3.txt,Genetic,108,61,112,16,87.50
mapa3.txt,Genetic,109,66,107,21,83.59
mapa3.txt,Genetic,110,60,110,18,85.94
mapa3.txt,Genetic,111,62,118,10,92.19
mapa3.txt,Genetic,112,68,106,22,82.81
mapa3.txt,Genetic,113,65,107,21,83.59
mapa3.txt,Genetic,114,61,105,23,82.03
mapa3.txt,Genetic,115,63,104,24,81.25
mapa3.txt,Genetic,116,65,105,23,82.03
mapa3.txt,Genetic,117,67,113,15,88.28
mapa3.txt,Genetic,118,68,106,22,82.81
mapa3.txt,Genetic,119,63,113,15,88.28
mapa3.txt,Genetic,120,63,108,20,84.38
mapa3.txt,Genetic,121,67,101,27,78.91
mapa3.txt,Genetic,122,67,112,16,87.50
mapa3.txt,Genetic,123,57,115,13,89.84
mapa3.txt,Genetic,124,60,111,17,86.72
mapa3.txt,Genetic,125,62,110,18,85.94
mapa3.txt,Genetic,126,56,107,21,83.59
mapa3.txt,Genetic,127,64,99,29,77.34
mapa3.txt,Genetic,128,51,108,20,84.38
mapa3.txt,Genetic,129,64,109,19,85.16
mapa3.txt,Genetic,130,63,103,25,80.47
mapa3.txt,Genetic,131,62,109,19,85.16
mapa3.txt,Genetic,132,69,111,17,86.72
mapa3.txt,Genetic,133,66,115,13,89.84
mapa3.txt,Genetic,134,62,108,20,84.38
mapa3.txt,Genetic,135,54,105,23,82.03
mapa3.txt,Genetic,136,62,115,13,89.84
mapa3.txt,Genetic,137,59,109,19,85.16
mapa3.txt,Genetic,138,60,100,28,78.12
mapa3.txt,Genetic,139,61,105,23,82.03
mapa3.txt,Genetic,140,67,102,26,79.69
mapa3.txt,Genetic,141,56,107,21,83.59
mapa3.txt,Genetic,142,65,110,18,85.94
mapa3.txt,Genetic,143,64,111,17,86.72
mapa3.txt,Genetic,144,59,103,25,80.47
mapa3.txt,Genetic,145,66,106,22,82.81
mapa3.txt,Genetic,146,54,106,22,82.81
mapa3.txt,Genetic,147,58,111,17,86.72
mapa3.txt,Genetic,148,63,103,25,80.47
mapa3.txt,Genetic,149,60,101,27,78.91
mapa3.txt,Genetic,150,64,111,17,86.72
mapa3.txt,Genetic,151,62,98,30,76.56
mapa3.txt,Genetic,152,57,110,18,85.94
mapa3.txt,Genetic,153,65,109,19,85.16
mapa3.txt,Genetic,154,65,108,20,84.38
mapa3.txt,Genetic,155,65,107,21,83.59
mapa3.txt,Genetic,156,65,110,18,85.94
mapa3.txt,Genetic,157,57,118,10,92.19
mapa3.txt,Genetic,158,64,101,27,78.91
mapa3.txt,Genetic,159,66,111,17,86.72
mapa3.txt,Genetic,160,55,105,23,82.03
